time=2026-03-11T09:17:50.051+03:00 level=INFO msg="Daemon started (interval: %v, auto-commit: %v, auto-push: %v)" !BADKEY=5s !BADKEY=false !BADKEY=false
time=2026-03-11T09:17:50.052+03:00 level=INFO msg="using database" path=/home/sorcerer/Projects/edu-operations-research-practice/.beads/beads.db
time=2026-03-11T09:17:50.067+03:00 level=INFO msg="database opened" path=/home/sorcerer/Projects/edu-operations-research-practice/.beads/beads.db freshness_checking=true
time=2026-03-11T09:17:50.067+03:00 level=INFO msg="upgrading .beads/.gitignore"
time=2026-03-11T09:17:50.067+03:00 level=WARN msg="failed to upgrade .gitignore" error="open .beads/.gitignore: no such file or directory"
time=2026-03-11T09:17:50.067+03:00 level=ERROR msg="repository fingerprint validation failed" error="\nLEGACY DATABASE DETECTED!\n\nThis database was created before version 0.17.5 and lacks a repository fingerprint.\nTo continue using this database, you must explicitly set its repository ID:\n\n  bd migrate --update-repo-id\n\nThis ensures the database is bound to this repository and prevents accidental\ndatabase sharing between different repositories.\n\nIf this is a fresh clone, run:\n  rm -rf .beads && bd init\n\nNote: Auto-claiming legacy databases is intentionally disabled to prevent\nsilent corruption when databases are copied between repositories.\n"
time=2026-03-11T09:17:57.248+03:00 level=INFO msg="Daemon started (interval: %v, auto-commit: %v, auto-push: %v)" !BADKEY=5s !BADKEY=false !BADKEY=false
time=2026-03-11T09:17:57.248+03:00 level=INFO msg="using database" path=/home/sorcerer/Projects/edu-operations-research-practice/.beads/beads.db
time=2026-03-11T09:17:57.263+03:00 level=INFO msg="database opened" path=/home/sorcerer/Projects/edu-operations-research-practice/.beads/beads.db freshness_checking=true
time=2026-03-11T09:17:57.263+03:00 level=INFO msg="upgrading .beads/.gitignore"
time=2026-03-11T09:17:57.263+03:00 level=WARN msg="failed to upgrade .gitignore" error="open .beads/.gitignore: no such file or directory"
time=2026-03-11T09:17:57.263+03:00 level=ERROR msg="repository fingerprint validation failed" error="\nLEGACY DATABASE DETECTED!\n\nThis database was created before version 0.17.5 and lacks a repository fingerprint.\nTo continue using this database, you must explicitly set its repository ID:\n\n  bd migrate --update-repo-id\n\nThis ensures the database is bound to this repository and prevents accidental\ndatabase sharing between different repositories.\n\nIf this is a fresh clone, run:\n  rm -rf .beads && bd init\n\nNote: Auto-claiming legacy databases is intentionally disabled to prevent\nsilent corruption when databases are copied between repositories.\n"
time=2026-03-11T09:19:49.755+03:00 level=INFO msg="Daemon started (interval: %v, auto-commit: %v, auto-push: %v)" !BADKEY=5s !BADKEY=false !BADKEY=false
time=2026-03-11T09:19:49.755+03:00 level=INFO msg="using database" path=/home/sorcerer/Projects/edu-operations-research-practice/.beads/beads.db
time=2026-03-11T09:19:49.767+03:00 level=INFO msg="database opened" path=/home/sorcerer/Projects/edu-operations-research-practice/.beads/beads.db freshness_checking=true
time=2026-03-11T09:19:49.767+03:00 level=INFO msg="upgrading .beads/.gitignore"
time=2026-03-11T09:19:49.767+03:00 level=WARN msg="failed to upgrade .gitignore" error="open .beads/.gitignore: no such file or directory"
time=2026-03-11T09:19:49.767+03:00 level=ERROR msg="repository fingerprint validation failed" error="\nLEGACY DATABASE DETECTED!\n\nThis database was created before version 0.17.5 and lacks a repository fingerprint.\nTo continue using this database, you must explicitly set its repository ID:\n\n  bd migrate --update-repo-id\n\nThis ensures the database is bound to this repository and prevents accidental\ndatabase sharing between different repositories.\n\nIf this is a fresh clone, run:\n  rm -rf .beads && bd init\n\nNote: Auto-claiming legacy databases is intentionally disabled to prevent\nsilent corruption when databases are copied between repositories.\n"
time=2026-03-11T09:20:05.625+03:00 level=INFO msg="Daemon started (interval: %v, auto-commit: %v, auto-push: %v)" !BADKEY=5s !BADKEY=false !BADKEY=false
time=2026-03-11T09:20:05.625+03:00 level=INFO msg="using database" path=/home/sorcerer/Projects/edu-operations-research-practice/.beads/beads.db
time=2026-03-11T09:20:05.643+03:00 level=INFO msg="database opened" path=/home/sorcerer/Projects/edu-operations-research-practice/.beads/beads.db freshness_checking=true
time=2026-03-11T09:20:05.643+03:00 level=INFO msg="upgrading .beads/.gitignore"
time=2026-03-11T09:20:05.643+03:00 level=WARN msg="failed to upgrade .gitignore" error="open .beads/.gitignore: no such file or directory"
time=2026-03-11T09:20:05.643+03:00 level=ERROR msg="repository fingerprint validation failed" error="\nLEGACY DATABASE DETECTED!\n\nThis database was created before version 0.17.5 and lacks a repository fingerprint.\nTo continue using this database, you must explicitly set its repository ID:\n\n  bd migrate --update-repo-id\n\nThis ensures the database is bound to this repository and prevents accidental\ndatabase sharing between different repositories.\n\nIf this is a fresh clone, run:\n  rm -rf .beads && bd init\n\nNote: Auto-claiming legacy databases is intentionally disabled to prevent\nsilent corruption when databases are copied between repositories.\n"
time=2026-03-11T09:20:14.730+03:00 level=INFO msg="Daemon started (interval: %v, auto-commit: %v, auto-push: %v)" !BADKEY=5s !BADKEY=false !BADKEY=false
time=2026-03-11T09:20:14.730+03:00 level=INFO msg="using database" path=/home/sorcerer/Projects/edu-operations-research-practice/.beads/beads.db
time=2026-03-11T09:20:14.744+03:00 level=INFO msg="database opened" path=/home/sorcerer/Projects/edu-operations-research-practice/.beads/beads.db freshness_checking=true
time=2026-03-11T09:20:14.744+03:00 level=INFO msg="upgrading .beads/.gitignore"
time=2026-03-11T09:20:14.744+03:00 level=WARN msg="failed to upgrade .gitignore" error="open .beads/.gitignore: no such file or directory"
time=2026-03-11T09:20:14.744+03:00 level=ERROR msg="repository fingerprint validation failed" error="\nLEGACY DATABASE DETECTED!\n\nThis database was created before version 0.17.5 and lacks a repository fingerprint.\nTo continue using this database, you must explicitly set its repository ID:\n\n  bd migrate --update-repo-id\n\nThis ensures the database is bound to this repository and prevents accidental\ndatabase sharing between different repositories.\n\nIf this is a fresh clone, run:\n  rm -rf .beads && bd init\n\nNote: Auto-claiming legacy databases is intentionally disabled to prevent\nsilent corruption when databases are copied between repositories.\n"
time=2026-03-11T09:20:22.249+03:00 level=INFO msg="Daemon started (interval: %v, auto-commit: %v, auto-push: %v)" !BADKEY=5s !BADKEY=false !BADKEY=false
time=2026-03-11T09:20:22.249+03:00 level=INFO msg="using database" path=/home/sorcerer/Projects/edu-operations-research-practice/.beads/beads.db
time=2026-03-11T09:20:22.266+03:00 level=INFO msg="database opened" path=/home/sorcerer/Projects/edu-operations-research-practice/.beads/beads.db freshness_checking=true
time=2026-03-11T09:20:22.266+03:00 level=INFO msg="upgrading .beads/.gitignore"
time=2026-03-11T09:20:22.266+03:00 level=WARN msg="failed to upgrade .gitignore" error="open .beads/.gitignore: no such file or directory"
time=2026-03-11T09:20:22.266+03:00 level=ERROR msg="repository fingerprint validation failed" error="\nLEGACY DATABASE DETECTED!\n\nThis database was created before version 0.17.5 and lacks a repository fingerprint.\nTo continue using this database, you must explicitly set its repository ID:\n\n  bd migrate --update-repo-id\n\nThis ensures the database is bound to this repository and prevents accidental\ndatabase sharing between different repositories.\n\nIf this is a fresh clone, run:\n  rm -rf .beads && bd init\n\nNote: Auto-claiming legacy databases is intentionally disabled to prevent\nsilent corruption when databases are copied between repositories.\n"
time=2026-03-11T09:20:36.144+03:00 level=INFO msg="Daemon started (interval: %v, auto-commit: %v, auto-push: %v)" !BADKEY=5s !BADKEY=false !BADKEY=false
time=2026-03-11T09:20:36.144+03:00 level=INFO msg="using database" path=/home/sorcerer/Projects/edu-operations-research-practice/.beads/beads.db
time=2026-03-11T09:20:36.156+03:00 level=INFO msg="database opened" path=/home/sorcerer/Projects/edu-operations-research-practice/.beads/beads.db freshness_checking=true
time=2026-03-11T09:20:36.156+03:00 level=INFO msg="upgrading .beads/.gitignore"
time=2026-03-11T09:20:36.156+03:00 level=WARN msg="failed to upgrade .gitignore" error="open .beads/.gitignore: no such file or directory"
time=2026-03-11T09:20:36.157+03:00 level=ERROR msg="repository fingerprint validation failed" error="\nLEGACY DATABASE DETECTED!\n\nThis database was created before version 0.17.5 and lacks a repository fingerprint.\nTo continue using this database, you must explicitly set its repository ID:\n\n  bd migrate --update-repo-id\n\nThis ensures the database is bound to this repository and prevents accidental\ndatabase sharing between different repositories.\n\nIf this is a fresh clone, run:\n  rm -rf .beads && bd init\n\nNote: Auto-claiming legacy databases is intentionally disabled to prevent\nsilent corruption when databases are copied between repositories.\n"
time=2026-03-11T09:22:05.725+03:00 level=INFO msg="Daemon started (interval: %v, auto-commit: %v, auto-push: %v)" !BADKEY=5s !BADKEY=false !BADKEY=false
time=2026-03-11T09:22:05.725+03:00 level=INFO msg="using database" path=/home/sorcerer/Projects/edu-operations-research-practice/.beads/beads.db
time=2026-03-11T09:22:05.739+03:00 level=INFO msg="database opened" path=/home/sorcerer/Projects/edu-operations-research-practice/.beads/beads.db freshness_checking=true
time=2026-03-11T09:22:05.739+03:00 level=INFO msg="upgrading .beads/.gitignore"
time=2026-03-11T09:22:05.739+03:00 level=WARN msg="failed to upgrade .gitignore" error="open .beads/.gitignore: no such file or directory"
time=2026-03-11T09:22:05.739+03:00 level=ERROR msg="repository fingerprint validation failed" error="\nLEGACY DATABASE DETECTED!\n\nThis database was created before version 0.17.5 and lacks a repository fingerprint.\nTo continue using this database, you must explicitly set its repository ID:\n\n  bd migrate --update-repo-id\n\nThis ensures the database is bound to this repository and prevents accidental\ndatabase sharing between different repositories.\n\nIf this is a fresh clone, run:\n  rm -rf .beads && bd init\n\nNote: Auto-claiming legacy databases is intentionally disabled to prevent\nsilent corruption when databases are copied between repositories.\n"
time=2026-03-11T09:23:05.094+03:00 level=INFO msg="Daemon started (interval: %v, auto-commit: %v, auto-push: %v)" !BADKEY=5s !BADKEY=false !BADKEY=false
time=2026-03-11T09:23:05.094+03:00 level=INFO msg="using database" path=/home/sorcerer/Projects/edu-operations-research-practice/.beads/beads.db
time=2026-03-11T09:23:05.108+03:00 level=INFO msg="database opened" path=/home/sorcerer/Projects/edu-operations-research-practice/.beads/beads.db freshness_checking=true
time=2026-03-11T09:23:05.108+03:00 level=INFO msg="upgrading .beads/.gitignore"
time=2026-03-11T09:23:05.108+03:00 level=WARN msg="failed to upgrade .gitignore" error="open .beads/.gitignore: no such file or directory"
time=2026-03-11T09:23:05.108+03:00 level=ERROR msg="repository fingerprint validation failed" error="\nLEGACY DATABASE DETECTED!\n\nThis database was created before version 0.17.5 and lacks a repository fingerprint.\nTo continue using this database, you must explicitly set its repository ID:\n\n  bd migrate --update-repo-id\n\nThis ensures the database is bound to this repository and prevents accidental\ndatabase sharing between different repositories.\n\nIf this is a fresh clone, run:\n  rm -rf .beads && bd init\n\nNote: Auto-claiming legacy databases is intentionally disabled to prevent\nsilent corruption when databases are copied between repositories.\n"
time=2026-03-11T09:23:12.836+03:00 level=INFO msg="Daemon started (interval: %v, auto-commit: %v, auto-push: %v)" !BADKEY=5s !BADKEY=false !BADKEY=false
time=2026-03-11T09:23:12.836+03:00 level=INFO msg="using database" path=/home/sorcerer/Projects/edu-operations-research-practice/.beads/beads.db
time=2026-03-11T09:23:12.849+03:00 level=INFO msg="database opened" path=/home/sorcerer/Projects/edu-operations-research-practice/.beads/beads.db freshness_checking=true
time=2026-03-11T09:23:12.849+03:00 level=INFO msg="upgrading .beads/.gitignore"
time=2026-03-11T09:23:12.849+03:00 level=WARN msg="failed to upgrade .gitignore" error="open .beads/.gitignore: no such file or directory"
time=2026-03-11T09:23:12.849+03:00 level=ERROR msg="repository fingerprint validation failed" error="\nLEGACY DATABASE DETECTED!\n\nThis database was created before version 0.17.5 and lacks a repository fingerprint.\nTo continue using this database, you must explicitly set its repository ID:\n\n  bd migrate --update-repo-id\n\nThis ensures the database is bound to this repository and prevents accidental\ndatabase sharing between different repositories.\n\nIf this is a fresh clone, run:\n  rm -rf .beads && bd init\n\nNote: Auto-claiming legacy databases is intentionally disabled to prevent\nsilent corruption when databases are copied between repositories.\n"
time=2026-03-11T09:23:45.847+03:00 level=INFO msg="Daemon started (interval: %v, auto-commit: %v, auto-push: %v)" !BADKEY=5s !BADKEY=false !BADKEY=false
time=2026-03-11T09:23:45.847+03:00 level=INFO msg="using database" path=/home/sorcerer/Projects/edu-operations-research-practice/.beads/beads.db
time=2026-03-11T09:23:45.864+03:00 level=INFO msg="database opened" path=/home/sorcerer/Projects/edu-operations-research-practice/.beads/beads.db freshness_checking=true
time=2026-03-11T09:23:45.864+03:00 level=INFO msg="upgrading .beads/.gitignore"
time=2026-03-11T09:23:45.864+03:00 level=WARN msg="failed to upgrade .gitignore" error="open .beads/.gitignore: no such file or directory"
time=2026-03-11T09:23:45.864+03:00 level=ERROR msg="repository fingerprint validation failed" error="\nLEGACY DATABASE DETECTED!\n\nThis database was created before version 0.17.5 and lacks a repository fingerprint.\nTo continue using this database, you must explicitly set its repository ID:\n\n  bd migrate --update-repo-id\n\nThis ensures the database is bound to this repository and prevents accidental\ndatabase sharing between different repositories.\n\nIf this is a fresh clone, run:\n  rm -rf .beads && bd init\n\nNote: Auto-claiming legacy databases is intentionally disabled to prevent\nsilent corruption when databases are copied between repositories.\n"
time=2026-03-11T09:24:01.766+03:00 level=INFO msg="Daemon started (interval: %v, auto-commit: %v, auto-push: %v)" !BADKEY=5s !BADKEY=false !BADKEY=false
time=2026-03-11T09:24:01.767+03:00 level=INFO msg="using database" path=/home/sorcerer/Projects/edu-operations-research-practice/.beads/beads.db
time=2026-03-11T09:24:01.779+03:00 level=INFO msg="database opened" path=/home/sorcerer/Projects/edu-operations-research-practice/.beads/beads.db freshness_checking=true
time=2026-03-11T09:24:01.779+03:00 level=INFO msg="upgrading .beads/.gitignore"
time=2026-03-11T09:24:01.779+03:00 level=WARN msg="failed to upgrade .gitignore" error="open .beads/.gitignore: no such file or directory"
time=2026-03-11T09:24:01.779+03:00 level=ERROR msg="repository fingerprint validation failed" error="\nLEGACY DATABASE DETECTED!\n\nThis database was created before version 0.17.5 and lacks a repository fingerprint.\nTo continue using this database, you must explicitly set its repository ID:\n\n  bd migrate --update-repo-id\n\nThis ensures the database is bound to this repository and prevents accidental\ndatabase sharing between different repositories.\n\nIf this is a fresh clone, run:\n  rm -rf .beads && bd init\n\nNote: Auto-claiming legacy databases is intentionally disabled to prevent\nsilent corruption when databases are copied between repositories.\n"
time=2026-03-11T09:59:12.173+03:00 level=INFO msg="Daemon started (interval: %v, auto-commit: %v, auto-push: %v)" !BADKEY=5s !BADKEY=false !BADKEY=false
time=2026-03-11T09:59:12.174+03:00 level=INFO msg="using database" path=/home/sorcerer/Projects/edu-operations-research-practice/.beads/beads.db
time=2026-03-11T09:59:12.189+03:00 level=INFO msg="database opened" path=/home/sorcerer/Projects/edu-operations-research-practice/.beads/beads.db freshness_checking=true
time=2026-03-11T09:59:12.190+03:00 level=INFO msg="upgrading .beads/.gitignore"
time=2026-03-11T09:59:12.190+03:00 level=WARN msg="failed to upgrade .gitignore" error="open .beads/.gitignore: no such file or directory"
time=2026-03-11T09:59:12.190+03:00 level=ERROR msg="repository fingerprint validation failed" error="\nLEGACY DATABASE DETECTED!\n\nThis database was created before version 0.17.5 and lacks a repository fingerprint.\nTo continue using this database, you must explicitly set its repository ID:\n\n  bd migrate --update-repo-id\n\nThis ensures the database is bound to this repository and prevents accidental\ndatabase sharing between different repositories.\n\nIf this is a fresh clone, run:\n  rm -rf .beads && bd init\n\nNote: Auto-claiming legacy databases is intentionally disabled to prevent\nsilent corruption when databases are copied between repositories.\n"
time=2026-03-11T09:59:21.101+03:00 level=INFO msg="Daemon started (interval: %v, auto-commit: %v, auto-push: %v)" !BADKEY=5s !BADKEY=false !BADKEY=false
time=2026-03-11T09:59:21.101+03:00 level=INFO msg="using database" path=/home/sorcerer/Projects/edu-operations-research-practice/.beads/beads.db
time=2026-03-11T09:59:21.116+03:00 level=INFO msg="database opened" path=/home/sorcerer/Projects/edu-operations-research-practice/.beads/beads.db freshness_checking=true
time=2026-03-11T09:59:21.116+03:00 level=INFO msg="upgrading .beads/.gitignore"
time=2026-03-11T09:59:21.116+03:00 level=WARN msg="failed to upgrade .gitignore" error="open .beads/.gitignore: no such file or directory"
time=2026-03-11T09:59:21.116+03:00 level=ERROR msg="repository fingerprint validation failed" error="\nLEGACY DATABASE DETECTED!\n\nThis database was created before version 0.17.5 and lacks a repository fingerprint.\nTo continue using this database, you must explicitly set its repository ID:\n\n  bd migrate --update-repo-id\n\nThis ensures the database is bound to this repository and prevents accidental\ndatabase sharing between different repositories.\n\nIf this is a fresh clone, run:\n  rm -rf .beads && bd init\n\nNote: Auto-claiming legacy databases is intentionally disabled to prevent\nsilent corruption when databases are copied between repositories.\n"
time=2026-03-11T09:59:48.880+03:00 level=INFO msg="Daemon started (interval: %v, auto-commit: %v, auto-push: %v)" !BADKEY=5s !BADKEY=false !BADKEY=false
time=2026-03-11T09:59:48.881+03:00 level=INFO msg="using database" path=/home/sorcerer/Projects/edu-operations-research-practice/.beads/beads.db
time=2026-03-11T09:59:48.896+03:00 level=INFO msg="database opened" path=/home/sorcerer/Projects/edu-operations-research-practice/.beads/beads.db freshness_checking=true
time=2026-03-11T09:59:48.896+03:00 level=INFO msg="upgrading .beads/.gitignore"
time=2026-03-11T09:59:48.896+03:00 level=WARN msg="failed to upgrade .gitignore" error="open .beads/.gitignore: no such file or directory"
time=2026-03-11T09:59:48.896+03:00 level=ERROR msg="repository fingerprint validation failed" error="\nLEGACY DATABASE DETECTED!\n\nThis database was created before version 0.17.5 and lacks a repository fingerprint.\nTo continue using this database, you must explicitly set its repository ID:\n\n  bd migrate --update-repo-id\n\nThis ensures the database is bound to this repository and prevents accidental\ndatabase sharing between different repositories.\n\nIf this is a fresh clone, run:\n  rm -rf .beads && bd init\n\nNote: Auto-claiming legacy databases is intentionally disabled to prevent\nsilent corruption when databases are copied between repositories.\n"
time=2026-03-11T10:00:01.549+03:00 level=INFO msg="Daemon started (interval: %v, auto-commit: %v, auto-push: %v)" !BADKEY=5s !BADKEY=false !BADKEY=false
time=2026-03-11T10:00:01.549+03:00 level=INFO msg="using database" path=/home/sorcerer/Projects/edu-operations-research-practice/.beads/beads.db
time=2026-03-11T10:00:01.561+03:00 level=INFO msg="database opened" path=/home/sorcerer/Projects/edu-operations-research-practice/.beads/beads.db freshness_checking=true
time=2026-03-11T10:00:01.561+03:00 level=INFO msg="upgrading .beads/.gitignore"
time=2026-03-11T10:00:01.561+03:00 level=WARN msg="failed to upgrade .gitignore" error="open .beads/.gitignore: no such file or directory"
time=2026-03-11T10:00:01.561+03:00 level=ERROR msg="repository fingerprint validation failed" error="\nLEGACY DATABASE DETECTED!\n\nThis database was created before version 0.17.5 and lacks a repository fingerprint.\nTo continue using this database, you must explicitly set its repository ID:\n\n  bd migrate --update-repo-id\n\nThis ensures the database is bound to this repository and prevents accidental\ndatabase sharing between different repositories.\n\nIf this is a fresh clone, run:\n  rm -rf .beads && bd init\n\nNote: Auto-claiming legacy databases is intentionally disabled to prevent\nsilent corruption when databases are copied between repositories.\n"
time=2026-03-11T10:01:32.067+03:00 level=INFO msg="Daemon started (interval: %v, auto-commit: %v, auto-push: %v)" !BADKEY=5s !BADKEY=false !BADKEY=false
time=2026-03-11T10:01:32.067+03:00 level=INFO msg="using database" path=/home/sorcerer/Projects/edu-operations-research-practice/.beads/beads.db
time=2026-03-11T10:01:32.082+03:00 level=INFO msg="database opened" path=/home/sorcerer/Projects/edu-operations-research-practice/.beads/beads.db freshness_checking=true
time=2026-03-11T10:01:32.082+03:00 level=INFO msg="upgrading .beads/.gitignore"
time=2026-03-11T10:01:32.082+03:00 level=WARN msg="failed to upgrade .gitignore" error="open .beads/.gitignore: no such file or directory"
time=2026-03-11T10:01:32.082+03:00 level=ERROR msg="repository fingerprint validation failed" error="\nLEGACY DATABASE DETECTED!\n\nThis database was created before version 0.17.5 and lacks a repository fingerprint.\nTo continue using this database, you must explicitly set its repository ID:\n\n  bd migrate --update-repo-id\n\nThis ensures the database is bound to this repository and prevents accidental\ndatabase sharing between different repositories.\n\nIf this is a fresh clone, run:\n  rm -rf .beads && bd init\n\nNote: Auto-claiming legacy databases is intentionally disabled to prevent\nsilent corruption when databases are copied between repositories.\n"
time=2026-03-11T10:01:47.105+03:00 level=INFO msg="Daemon started (interval: %v, auto-commit: %v, auto-push: %v)" !BADKEY=5s !BADKEY=false !BADKEY=false
time=2026-03-11T10:01:47.105+03:00 level=INFO msg="using database" path=/home/sorcerer/Projects/edu-operations-research-practice/.beads/beads.db
time=2026-03-11T10:01:47.117+03:00 level=INFO msg="database opened" path=/home/sorcerer/Projects/edu-operations-research-practice/.beads/beads.db freshness_checking=true
time=2026-03-11T10:01:47.117+03:00 level=INFO msg="upgrading .beads/.gitignore"
time=2026-03-11T10:01:47.117+03:00 level=WARN msg="failed to upgrade .gitignore" error="open .beads/.gitignore: no such file or directory"
time=2026-03-11T10:01:47.117+03:00 level=ERROR msg="repository fingerprint validation failed" error="\nLEGACY DATABASE DETECTED!\n\nThis database was created before version 0.17.5 and lacks a repository fingerprint.\nTo continue using this database, you must explicitly set its repository ID:\n\n  bd migrate --update-repo-id\n\nThis ensures the database is bound to this repository and prevents accidental\ndatabase sharing between different repositories.\n\nIf this is a fresh clone, run:\n  rm -rf .beads && bd init\n\nNote: Auto-claiming legacy databases is intentionally disabled to prevent\nsilent corruption when databases are copied between repositories.\n"
time=2026-03-11T10:02:19.672+03:00 level=INFO msg="Daemon started (interval: %v, auto-commit: %v, auto-push: %v)" !BADKEY=5s !BADKEY=false !BADKEY=false
time=2026-03-11T10:02:19.672+03:00 level=INFO msg="using database" path=/home/sorcerer/Projects/edu-operations-research-practice/.beads/beads.db
time=2026-03-11T10:02:19.684+03:00 level=INFO msg="database opened" path=/home/sorcerer/Projects/edu-operations-research-practice/.beads/beads.db freshness_checking=true
time=2026-03-11T10:02:19.684+03:00 level=INFO msg="upgrading .beads/.gitignore"
time=2026-03-11T10:02:19.684+03:00 level=WARN msg="failed to upgrade .gitignore" error="open .beads/.gitignore: no such file or directory"
time=2026-03-11T10:02:19.685+03:00 level=ERROR msg="repository fingerprint validation failed" error="\nLEGACY DATABASE DETECTED!\n\nThis database was created before version 0.17.5 and lacks a repository fingerprint.\nTo continue using this database, you must explicitly set its repository ID:\n\n  bd migrate --update-repo-id\n\nThis ensures the database is bound to this repository and prevents accidental\ndatabase sharing between different repositories.\n\nIf this is a fresh clone, run:\n  rm -rf .beads && bd init\n\nNote: Auto-claiming legacy databases is intentionally disabled to prevent\nsilent corruption when databases are copied between repositories.\n"
time=2026-03-11T10:48:47.683+03:00 level=INFO msg="Daemon started (interval: %v, auto-commit: %v, auto-push: %v)" !BADKEY=5s !BADKEY=false !BADKEY=false
time=2026-03-11T10:48:47.683+03:00 level=INFO msg="using database" path=/home/sorcerer/Projects/edu-operations-research-practice/.beads/beads.db
time=2026-03-11T10:48:47.704+03:00 level=INFO msg="database opened" path=/home/sorcerer/Projects/edu-operations-research-practice/.beads/beads.db freshness_checking=true
time=2026-03-11T10:48:47.704+03:00 level=INFO msg="upgrading .beads/.gitignore"
time=2026-03-11T10:48:47.704+03:00 level=WARN msg="failed to upgrade .gitignore" error="open .beads/.gitignore: no such file or directory"
time=2026-03-11T10:48:47.704+03:00 level=ERROR msg="repository fingerprint validation failed" error="\nLEGACY DATABASE DETECTED!\n\nThis database was created before version 0.17.5 and lacks a repository fingerprint.\nTo continue using this database, you must explicitly set its repository ID:\n\n  bd migrate --update-repo-id\n\nThis ensures the database is bound to this repository and prevents accidental\ndatabase sharing between different repositories.\n\nIf this is a fresh clone, run:\n  rm -rf .beads && bd init\n\nNote: Auto-claiming legacy databases is intentionally disabled to prevent\nsilent corruption when databases are copied between repositories.\n"
time=2026-03-11T10:49:01.222+03:00 level=INFO msg="Daemon started (interval: %v, auto-commit: %v, auto-push: %v)" !BADKEY=5s !BADKEY=false !BADKEY=false
time=2026-03-11T10:49:01.222+03:00 level=INFO msg="using database" path=/home/sorcerer/Projects/edu-operations-research-practice/.beads/beads.db
time=2026-03-11T10:49:01.234+03:00 level=INFO msg="database opened" path=/home/sorcerer/Projects/edu-operations-research-practice/.beads/beads.db freshness_checking=true
time=2026-03-11T10:49:01.234+03:00 level=INFO msg="upgrading .beads/.gitignore"
time=2026-03-11T10:49:01.234+03:00 level=WARN msg="failed to upgrade .gitignore" error="open .beads/.gitignore: no such file or directory"
time=2026-03-11T10:49:01.234+03:00 level=ERROR msg="repository fingerprint validation failed" error="\nLEGACY DATABASE DETECTED!\n\nThis database was created before version 0.17.5 and lacks a repository fingerprint.\nTo continue using this database, you must explicitly set its repository ID:\n\n  bd migrate --update-repo-id\n\nThis ensures the database is bound to this repository and prevents accidental\ndatabase sharing between different repositories.\n\nIf this is a fresh clone, run:\n  rm -rf .beads && bd init\n\nNote: Auto-claiming legacy databases is intentionally disabled to prevent\nsilent corruption when databases are copied between repositories.\n"
time=2026-03-11T10:55:47.776+03:00 level=INFO msg="Daemon started (interval: %v, auto-commit: %v, auto-push: %v)" !BADKEY=5s !BADKEY=false !BADKEY=false
time=2026-03-11T10:55:47.779+03:00 level=INFO msg="using database" path=/home/sorcerer/Projects/edu-operations-research-practice/.beads/beads.db
time=2026-03-11T10:55:47.798+03:00 level=INFO msg="database opened" path=/home/sorcerer/Projects/edu-operations-research-practice/.beads/beads.db freshness_checking=true
time=2026-03-11T10:55:47.798+03:00 level=INFO msg="upgrading .beads/.gitignore"
time=2026-03-11T10:55:47.798+03:00 level=WARN msg="failed to upgrade .gitignore" error="open .beads/.gitignore: no such file or directory"
time=2026-03-11T10:55:47.799+03:00 level=ERROR msg="repository fingerprint validation failed" error="\nLEGACY DATABASE DETECTED!\n\nThis database was created before version 0.17.5 and lacks a repository fingerprint.\nTo continue using this database, you must explicitly set its repository ID:\n\n  bd migrate --update-repo-id\n\nThis ensures the database is bound to this repository and prevents accidental\ndatabase sharing between different repositories.\n\nIf this is a fresh clone, run:\n  rm -rf .beads && bd init\n\nNote: Auto-claiming legacy databases is intentionally disabled to prevent\nsilent corruption when databases are copied between repositories.\n"
time=2026-03-11T10:56:23.900+03:00 level=INFO msg="Daemon started (interval: %v, auto-commit: %v, auto-push: %v)" !BADKEY=5s !BADKEY=false !BADKEY=false
time=2026-03-11T10:56:23.900+03:00 level=INFO msg="using database" path=/home/sorcerer/Projects/edu-operations-research-practice/.beads/beads.db
time=2026-03-11T10:56:23.919+03:00 level=INFO msg="database opened" path=/home/sorcerer/Projects/edu-operations-research-practice/.beads/beads.db freshness_checking=true
time=2026-03-11T10:56:23.919+03:00 level=INFO msg="upgrading .beads/.gitignore"
time=2026-03-11T10:56:23.919+03:00 level=WARN msg="failed to upgrade .gitignore" error="open .beads/.gitignore: no such file or directory"
time=2026-03-11T10:56:23.920+03:00 level=ERROR msg="repository fingerprint validation failed" error="\nLEGACY DATABASE DETECTED!\n\nThis database was created before version 0.17.5 and lacks a repository fingerprint.\nTo continue using this database, you must explicitly set its repository ID:\n\n  bd migrate --update-repo-id\n\nThis ensures the database is bound to this repository and prevents accidental\ndatabase sharing between different repositories.\n\nIf this is a fresh clone, run:\n  rm -rf .beads && bd init\n\nNote: Auto-claiming legacy databases is intentionally disabled to prevent\nsilent corruption when databases are copied between repositories.\n"
time=2026-03-11T10:58:16.815+03:00 level=INFO msg="Daemon started (interval: %v, auto-commit: %v, auto-push: %v)" !BADKEY=5s !BADKEY=false !BADKEY=false
time=2026-03-11T10:58:16.815+03:00 level=INFO msg="using database" path=/home/sorcerer/Projects/edu-operations-research-practice/.beads/beads.db
time=2026-03-11T10:58:16.825+03:00 level=INFO msg="database opened" path=/home/sorcerer/Projects/edu-operations-research-practice/.beads/beads.db freshness_checking=true
time=2026-03-11T10:58:16.825+03:00 level=INFO msg="upgrading .beads/.gitignore"
time=2026-03-11T10:58:16.825+03:00 level=WARN msg="failed to upgrade .gitignore" error="open .beads/.gitignore: no such file or directory"
time=2026-03-11T10:58:16.826+03:00 level=ERROR msg="repository fingerprint validation failed" error="\nLEGACY DATABASE DETECTED!\n\nThis database was created before version 0.17.5 and lacks a repository fingerprint.\nTo continue using this database, you must explicitly set its repository ID:\n\n  bd migrate --update-repo-id\n\nThis ensures the database is bound to this repository and prevents accidental\ndatabase sharing between different repositories.\n\nIf this is a fresh clone, run:\n  rm -rf .beads && bd init\n\nNote: Auto-claiming legacy databases is intentionally disabled to prevent\nsilent corruption when databases are copied between repositories.\n"
time=2026-03-11T11:00:35.488+03:00 level=INFO msg="Daemon started (interval: %v, auto-commit: %v, auto-push: %v)" !BADKEY=5s !BADKEY=false !BADKEY=false
time=2026-03-11T11:00:35.488+03:00 level=INFO msg="using database" path=/home/sorcerer/Projects/edu-operations-research-practice/.beads/beads.db
time=2026-03-11T11:00:35.499+03:00 level=INFO msg="database opened" path=/home/sorcerer/Projects/edu-operations-research-practice/.beads/beads.db freshness_checking=true
time=2026-03-11T11:00:35.499+03:00 level=INFO msg="upgrading .beads/.gitignore"
time=2026-03-11T11:00:35.499+03:00 level=WARN msg="failed to upgrade .gitignore" error="open .beads/.gitignore: no such file or directory"
time=2026-03-11T11:00:35.499+03:00 level=ERROR msg="repository fingerprint validation failed" error="\nLEGACY DATABASE DETECTED!\n\nThis database was created before version 0.17.5 and lacks a repository fingerprint.\nTo continue using this database, you must explicitly set its repository ID:\n\n  bd migrate --update-repo-id\n\nThis ensures the database is bound to this repository and prevents accidental\ndatabase sharing between different repositories.\n\nIf this is a fresh clone, run:\n  rm -rf .beads && bd init\n\nNote: Auto-claiming legacy databases is intentionally disabled to prevent\nsilent corruption when databases are copied between repositories.\n"
time=2026-03-11T11:00:56.773+03:00 level=INFO msg="Daemon started (interval: %v, auto-commit: %v, auto-push: %v)" !BADKEY=5s !BADKEY=false !BADKEY=false
time=2026-03-11T11:00:56.773+03:00 level=INFO msg="using database" path=/home/sorcerer/Projects/edu-operations-research-practice/.beads/beads.db
time=2026-03-11T11:00:56.785+03:00 level=INFO msg="database opened" path=/home/sorcerer/Projects/edu-operations-research-practice/.beads/beads.db freshness_checking=true
time=2026-03-11T11:00:56.785+03:00 level=INFO msg="upgrading .beads/.gitignore"
time=2026-03-11T11:00:56.785+03:00 level=WARN msg="failed to upgrade .gitignore" error="open .beads/.gitignore: no such file or directory"
time=2026-03-11T11:00:56.785+03:00 level=ERROR msg="repository fingerprint validation failed" error="\nLEGACY DATABASE DETECTED!\n\nThis database was created before version 0.17.5 and lacks a repository fingerprint.\nTo continue using this database, you must explicitly set its repository ID:\n\n  bd migrate --update-repo-id\n\nThis ensures the database is bound to this repository and prevents accidental\ndatabase sharing between different repositories.\n\nIf this is a fresh clone, run:\n  rm -rf .beads && bd init\n\nNote: Auto-claiming legacy databases is intentionally disabled to prevent\nsilent corruption when databases are copied between repositories.\n"
time=2026-03-11T11:01:33.522+03:00 level=INFO msg="Daemon started (interval: %v, auto-commit: %v, auto-push: %v)" !BADKEY=5s !BADKEY=false !BADKEY=false
time=2026-03-11T11:01:33.522+03:00 level=INFO msg="using database" path=/home/sorcerer/Projects/edu-operations-research-practice/.beads/beads.db
time=2026-03-11T11:01:33.533+03:00 level=INFO msg="database opened" path=/home/sorcerer/Projects/edu-operations-research-practice/.beads/beads.db freshness_checking=true
time=2026-03-11T11:01:33.533+03:00 level=INFO msg="upgrading .beads/.gitignore"
time=2026-03-11T11:01:33.533+03:00 level=WARN msg="failed to upgrade .gitignore" error="open .beads/.gitignore: no such file or directory"
time=2026-03-11T11:01:33.533+03:00 level=ERROR msg="repository fingerprint validation failed" error="\nLEGACY DATABASE DETECTED!\n\nThis database was created before version 0.17.5 and lacks a repository fingerprint.\nTo continue using this database, you must explicitly set its repository ID:\n\n  bd migrate --update-repo-id\n\nThis ensures the database is bound to this repository and prevents accidental\ndatabase sharing between different repositories.\n\nIf this is a fresh clone, run:\n  rm -rf .beads && bd init\n\nNote: Auto-claiming legacy databases is intentionally disabled to prevent\nsilent corruption when databases are copied between repositories.\n"
time=2026-03-11T11:02:21.384+03:00 level=INFO msg="Daemon started (interval: %v, auto-commit: %v, auto-push: %v)" !BADKEY=5s !BADKEY=false !BADKEY=false
time=2026-03-11T11:02:21.384+03:00 level=INFO msg="using database" path=/home/sorcerer/Projects/edu-operations-research-practice/.beads/beads.db
time=2026-03-11T11:02:21.394+03:00 level=INFO msg="database opened" path=/home/sorcerer/Projects/edu-operations-research-practice/.beads/beads.db freshness_checking=true
time=2026-03-11T11:02:21.395+03:00 level=INFO msg="upgrading .beads/.gitignore"
time=2026-03-11T11:02:21.395+03:00 level=WARN msg="failed to upgrade .gitignore" error="open .beads/.gitignore: no such file or directory"
time=2026-03-11T11:02:21.395+03:00 level=ERROR msg="repository fingerprint validation failed" error="\nLEGACY DATABASE DETECTED!\n\nThis database was created before version 0.17.5 and lacks a repository fingerprint.\nTo continue using this database, you must explicitly set its repository ID:\n\n  bd migrate --update-repo-id\n\nThis ensures the database is bound to this repository and prevents accidental\ndatabase sharing between different repositories.\n\nIf this is a fresh clone, run:\n  rm -rf .beads && bd init\n\nNote: Auto-claiming legacy databases is intentionally disabled to prevent\nsilent corruption when databases are copied between repositories.\n"
time=2026-03-11T11:03:12.171+03:00 level=INFO msg="Daemon started (interval: %v, auto-commit: %v, auto-push: %v)" !BADKEY=5s !BADKEY=false !BADKEY=false
time=2026-03-11T11:03:12.171+03:00 level=INFO msg="using database" path=/home/sorcerer/Projects/edu-operations-research-practice/.beads/beads.db
time=2026-03-11T11:03:12.183+03:00 level=INFO msg="database opened" path=/home/sorcerer/Projects/edu-operations-research-practice/.beads/beads.db freshness_checking=true
time=2026-03-11T11:03:12.183+03:00 level=INFO msg="upgrading .beads/.gitignore"
time=2026-03-11T11:03:12.183+03:00 level=WARN msg="failed to upgrade .gitignore" error="open .beads/.gitignore: no such file or directory"
time=2026-03-11T11:03:12.183+03:00 level=ERROR msg="repository fingerprint validation failed" error="\nLEGACY DATABASE DETECTED!\n\nThis database was created before version 0.17.5 and lacks a repository fingerprint.\nTo continue using this database, you must explicitly set its repository ID:\n\n  bd migrate --update-repo-id\n\nThis ensures the database is bound to this repository and prevents accidental\ndatabase sharing between different repositories.\n\nIf this is a fresh clone, run:\n  rm -rf .beads && bd init\n\nNote: Auto-claiming legacy databases is intentionally disabled to prevent\nsilent corruption when databases are copied between repositories.\n"
time=2026-03-11T11:03:24.973+03:00 level=INFO msg="Daemon started (interval: %v, auto-commit: %v, auto-push: %v)" !BADKEY=5s !BADKEY=false !BADKEY=false
time=2026-03-11T11:03:24.973+03:00 level=INFO msg="using database" path=/home/sorcerer/Projects/edu-operations-research-practice/.beads/beads.db
time=2026-03-11T11:03:24.983+03:00 level=INFO msg="database opened" path=/home/sorcerer/Projects/edu-operations-research-practice/.beads/beads.db freshness_checking=true
time=2026-03-11T11:03:24.983+03:00 level=INFO msg="upgrading .beads/.gitignore"
time=2026-03-11T11:03:24.983+03:00 level=WARN msg="failed to upgrade .gitignore" error="open .beads/.gitignore: no such file or directory"
time=2026-03-11T11:03:24.983+03:00 level=ERROR msg="repository fingerprint validation failed" error="\nLEGACY DATABASE DETECTED!\n\nThis database was created before version 0.17.5 and lacks a repository fingerprint.\nTo continue using this database, you must explicitly set its repository ID:\n\n  bd migrate --update-repo-id\n\nThis ensures the database is bound to this repository and prevents accidental\ndatabase sharing between different repositories.\n\nIf this is a fresh clone, run:\n  rm -rf .beads && bd init\n\nNote: Auto-claiming legacy databases is intentionally disabled to prevent\nsilent corruption when databases are copied between repositories.\n"
time=2026-03-11T11:04:18.171+03:00 level=INFO msg="Daemon started (interval: %v, auto-commit: %v, auto-push: %v)" !BADKEY=5s !BADKEY=false !BADKEY=false
time=2026-03-11T11:04:18.171+03:00 level=INFO msg="using database" path=/home/sorcerer/Projects/edu-operations-research-practice/.beads/beads.db
time=2026-03-11T11:04:18.182+03:00 level=INFO msg="database opened" path=/home/sorcerer/Projects/edu-operations-research-practice/.beads/beads.db freshness_checking=true
time=2026-03-11T11:04:18.182+03:00 level=INFO msg="upgrading .beads/.gitignore"
time=2026-03-11T11:04:18.182+03:00 level=WARN msg="failed to upgrade .gitignore" error="open .beads/.gitignore: no such file or directory"
time=2026-03-11T11:04:18.182+03:00 level=ERROR msg="repository fingerprint validation failed" error="\nLEGACY DATABASE DETECTED!\n\nThis database was created before version 0.17.5 and lacks a repository fingerprint.\nTo continue using this database, you must explicitly set its repository ID:\n\n  bd migrate --update-repo-id\n\nThis ensures the database is bound to this repository and prevents accidental\ndatabase sharing between different repositories.\n\nIf this is a fresh clone, run:\n  rm -rf .beads && bd init\n\nNote: Auto-claiming legacy databases is intentionally disabled to prevent\nsilent corruption when databases are copied between repositories.\n"
time=2026-03-11T11:09:00.789+03:00 level=INFO msg="Daemon started (interval: %v, auto-commit: %v, auto-push: %v)" !BADKEY=5s !BADKEY=false !BADKEY=false
time=2026-03-11T11:09:00.790+03:00 level=INFO msg="using database" path=/home/sorcerer/Projects/edu-operations-research-practice/.beads/beads.db
time=2026-03-11T11:09:00.805+03:00 level=INFO msg="database opened" path=/home/sorcerer/Projects/edu-operations-research-practice/.beads/beads.db freshness_checking=true
time=2026-03-11T11:09:00.805+03:00 level=INFO msg="upgrading .beads/.gitignore"
time=2026-03-11T11:09:00.805+03:00 level=WARN msg="failed to upgrade .gitignore" error="open .beads/.gitignore: no such file or directory"
time=2026-03-11T11:09:00.805+03:00 level=ERROR msg="repository fingerprint validation failed" error="\nLEGACY DATABASE DETECTED!\n\nThis database was created before version 0.17.5 and lacks a repository fingerprint.\nTo continue using this database, you must explicitly set its repository ID:\n\n  bd migrate --update-repo-id\n\nThis ensures the database is bound to this repository and prevents accidental\ndatabase sharing between different repositories.\n\nIf this is a fresh clone, run:\n  rm -rf .beads && bd init\n\nNote: Auto-claiming legacy databases is intentionally disabled to prevent\nsilent corruption when databases are copied between repositories.\n"
time=2026-03-11T11:18:24.918+03:00 level=INFO msg="Daemon started (interval: %v, auto-commit: %v, auto-push: %v)" !BADKEY=5s !BADKEY=false !BADKEY=false
time=2026-03-11T11:18:24.918+03:00 level=INFO msg="using database" path=/home/sorcerer/Projects/edu-operations-research-practice/.beads/beads.db
time=2026-03-11T11:18:24.929+03:00 level=INFO msg="database opened" path=/home/sorcerer/Projects/edu-operations-research-practice/.beads/beads.db freshness_checking=true
time=2026-03-11T11:18:24.929+03:00 level=INFO msg="upgrading .beads/.gitignore"
time=2026-03-11T11:18:24.929+03:00 level=WARN msg="failed to upgrade .gitignore" error="open .beads/.gitignore: no such file or directory"
time=2026-03-11T11:18:24.929+03:00 level=ERROR msg="repository fingerprint validation failed" error="\nLEGACY DATABASE DETECTED!\n\nThis database was created before version 0.17.5 and lacks a repository fingerprint.\nTo continue using this database, you must explicitly set its repository ID:\n\n  bd migrate --update-repo-id\n\nThis ensures the database is bound to this repository and prevents accidental\ndatabase sharing between different repositories.\n\nIf this is a fresh clone, run:\n  rm -rf .beads && bd init\n\nNote: Auto-claiming legacy databases is intentionally disabled to prevent\nsilent corruption when databases are copied between repositories.\n"
time=2026-03-11T11:18:59.974+03:00 level=INFO msg="Daemon started (interval: %v, auto-commit: %v, auto-push: %v)" !BADKEY=5s !BADKEY=false !BADKEY=false
time=2026-03-11T11:18:59.974+03:00 level=INFO msg="using database" path=/home/sorcerer/Projects/edu-operations-research-practice/.beads/beads.db
time=2026-03-11T11:18:59.986+03:00 level=INFO msg="database opened" path=/home/sorcerer/Projects/edu-operations-research-practice/.beads/beads.db freshness_checking=true
time=2026-03-11T11:18:59.986+03:00 level=INFO msg="upgrading .beads/.gitignore"
time=2026-03-11T11:18:59.986+03:00 level=WARN msg="failed to upgrade .gitignore" error="open .beads/.gitignore: no such file or directory"
time=2026-03-11T11:18:59.986+03:00 level=ERROR msg="repository fingerprint validation failed" error="\nLEGACY DATABASE DETECTED!\n\nThis database was created before version 0.17.5 and lacks a repository fingerprint.\nTo continue using this database, you must explicitly set its repository ID:\n\n  bd migrate --update-repo-id\n\nThis ensures the database is bound to this repository and prevents accidental\ndatabase sharing between different repositories.\n\nIf this is a fresh clone, run:\n  rm -rf .beads && bd init\n\nNote: Auto-claiming legacy databases is intentionally disabled to prevent\nsilent corruption when databases are copied between repositories.\n"
time=2026-03-11T11:19:06.604+03:00 level=INFO msg="Daemon started (interval: %v, auto-commit: %v, auto-push: %v)" !BADKEY=5s !BADKEY=false !BADKEY=false
time=2026-03-11T11:19:06.604+03:00 level=INFO msg="using database" path=/home/sorcerer/Projects/edu-operations-research-practice/.beads/beads.db
time=2026-03-11T11:19:06.619+03:00 level=INFO msg="database opened" path=/home/sorcerer/Projects/edu-operations-research-practice/.beads/beads.db freshness_checking=true
time=2026-03-11T11:19:06.619+03:00 level=INFO msg="upgrading .beads/.gitignore"
time=2026-03-11T11:19:06.619+03:00 level=WARN msg="failed to upgrade .gitignore" error="open .beads/.gitignore: no such file or directory"
time=2026-03-11T11:19:06.619+03:00 level=ERROR msg="repository fingerprint validation failed" error="\nLEGACY DATABASE DETECTED!\n\nThis database was created before version 0.17.5 and lacks a repository fingerprint.\nTo continue using this database, you must explicitly set its repository ID:\n\n  bd migrate --update-repo-id\n\nThis ensures the database is bound to this repository and prevents accidental\ndatabase sharing between different repositories.\n\nIf this is a fresh clone, run:\n  rm -rf .beads && bd init\n\nNote: Auto-claiming legacy databases is intentionally disabled to prevent\nsilent corruption when databases are copied between repositories.\n"
time=2026-03-11T11:26:21.929+03:00 level=INFO msg="Daemon started (interval: %v, auto-commit: %v, auto-push: %v)" !BADKEY=5s !BADKEY=false !BADKEY=false
time=2026-03-11T11:26:21.929+03:00 level=INFO msg="using database" path=/home/sorcerer/Projects/edu-operations-research-practice/.beads/beads.db
time=2026-03-11T11:26:21.942+03:00 level=INFO msg="database opened" path=/home/sorcerer/Projects/edu-operations-research-practice/.beads/beads.db freshness_checking=true
time=2026-03-11T11:26:21.942+03:00 level=INFO msg="upgrading .beads/.gitignore"
time=2026-03-11T11:26:21.942+03:00 level=WARN msg="failed to upgrade .gitignore" error="open .beads/.gitignore: no such file or directory"
time=2026-03-11T11:26:21.944+03:00 level=INFO msg="Repository fingerprint validated: %s" !BADKEY=a20779f8
time=2026-03-11T11:26:21.944+03:00 level=INFO msg="starting RPC server" socket=/home/sorcerer/Projects/edu-operations-research-practice/.beads/bd.sock
time=2026-03-11T11:26:21.957+03:00 level=INFO msg="RPC server ready (socket listening)"
time=2026-03-11T11:26:21.960+03:00 level=INFO msg="registered in global registry"
time=2026-03-11T11:26:21.960+03:00 level=INFO msg="Starting %s..." !BADKEY="sync cycle"
time=2026-03-11T11:26:21.962+03:00 level=INFO msg="Exported to JSONL"
time=2026-03-11T11:26:25.300+03:00 level=INFO msg="Pulled sync branch %s" !BADKEY=main
time=2026-03-11T11:26:25.300+03:00 level=INFO msg="Synced JSONL from sync branch to main repo"
time=2026-03-11T11:26:25.318+03:00 level=INFO msg="Imported from JSONL"
time=2026-03-11T11:26:25.327+03:00 level=INFO msg="Sync cycle complete"
time=2026-03-11T11:26:25.327+03:00 level=INFO msg="monitoring parent process" pid=0
time=2026-03-11T11:26:25.327+03:00 level=INFO msg="using event-driven mode"
time=2026-03-11T11:26:25.328+03:00 level=INFO msg="Auto-pull disabled: use 'git pull' manually to sync remote changes"
time=2026-03-11T11:26:55.728+03:00 level=INFO msg="Git ref change detected: %s" !BADKEY=/home/sorcerer/Projects/edu-operations-research-practice/.git/refs/heads/main.lock
time=2026-03-11T11:26:56.728+03:00 level=INFO msg="Import triggered by file change"
time=2026-03-11T11:26:56.728+03:00 level=INFO msg="Starting %s..." !BADKEY=auto-import
time=2026-03-11T11:26:56.729+03:00 level=INFO msg="JSONL content changed, proceeding with %s..." !BADKEY=auto-import
time=2026-03-11T11:26:56.734+03:00 level=INFO msg="⚠️  WARNING: Uncommitted local changes detected in %s" !BADKEY=/home/sorcerer/Projects/edu-operations-research-practice/.beads/issues.jsonl
time=2026-03-11T11:26:56.734+03:00 level=INFO msg="   Pulling from remote may overwrite local unpushed changes."
time=2026-03-11T11:26:56.734+03:00 level=INFO msg="   Consider running 'bd sync' to commit and push your changes first."
time=2026-03-11T11:26:59.927+03:00 level=INFO msg="Pulled sync branch %s" !BADKEY=main
time=2026-03-11T11:26:59.927+03:00 level=INFO msg="File change detected: %s" !BADKEY=/home/sorcerer/Projects/edu-operations-research-practice/.beads/issues.jsonl
time=2026-03-11T11:26:59.927+03:00 level=INFO msg="Synced JSONL from sync branch to main repo"
time=2026-03-11T11:26:59.932+03:00 level=INFO msg="Imported from JSONL"
time=2026-03-11T11:26:59.933+03:00 level=INFO msg="Auto-import complete"
time=2026-03-11T11:27:00.928+03:00 level=INFO msg="Import triggered by file change"
time=2026-03-11T11:27:00.928+03:00 level=INFO msg="Starting %s..." !BADKEY=auto-import
time=2026-03-11T11:27:00.928+03:00 level=INFO msg="JSONL content changed, proceeding with %s..." !BADKEY=auto-import
time=2026-03-11T11:27:00.930+03:00 level=INFO msg="⚠️  WARNING: Uncommitted local changes detected in %s" !BADKEY=/home/sorcerer/Projects/edu-operations-research-practice/.beads/issues.jsonl
time=2026-03-11T11:27:00.930+03:00 level=INFO msg="   Pulling from remote may overwrite local unpushed changes."
time=2026-03-11T11:27:00.930+03:00 level=INFO msg="   Consider running 'bd sync' to commit and push your changes first."
time=2026-03-11T11:27:03.610+03:00 level=INFO msg="Mutation detected: %s %s" status=eorp-6od
time=2026-03-11T11:27:03.678+03:00 level=INFO msg="Pulled sync branch %s" !BADKEY=main
time=2026-03-11T11:27:03.678+03:00 level=INFO msg="File change detected: %s" !BADKEY=/home/sorcerer/Projects/edu-operations-research-practice/.beads/issues.jsonl
time=2026-03-11T11:27:03.678+03:00 level=INFO msg="Synced JSONL from sync branch to main repo"
time=2026-03-11T11:27:03.689+03:00 level=INFO msg="Imported from JSONL"
time=2026-03-11T11:27:03.690+03:00 level=INFO msg="Auto-import complete"
time=2026-03-11T11:27:04.111+03:00 level=INFO msg="Export triggered by mutation events"
time=2026-03-11T11:27:04.111+03:00 level=INFO msg="Starting %s..." !BADKEY=export
time=2026-03-11T11:27:04.112+03:00 level=INFO msg="Pre-export validation failed: %v" !BADKEY="refusing to export: JSONL content has changed since last import (import first to avoid data loss)"
time=2026-03-11T11:27:04.679+03:00 level=INFO msg="Import triggered by file change"
time=2026-03-11T11:27:04.679+03:00 level=INFO msg="Starting %s..." !BADKEY=auto-import
time=2026-03-11T11:27:04.679+03:00 level=INFO msg="JSONL content changed, proceeding with %s..." !BADKEY=auto-import
time=2026-03-11T11:27:04.681+03:00 level=INFO msg="⚠️  WARNING: Uncommitted local changes detected in %s" !BADKEY=/home/sorcerer/Projects/edu-operations-research-practice/.beads/issues.jsonl
time=2026-03-11T11:27:04.681+03:00 level=INFO msg="   Pulling from remote may overwrite local unpushed changes."
time=2026-03-11T11:27:04.681+03:00 level=INFO msg="   Consider running 'bd sync' to commit and push your changes first."
time=2026-03-11T11:27:10.499+03:00 level=INFO msg="Pulled sync branch %s" !BADKEY=main
time=2026-03-11T11:27:10.499+03:00 level=INFO msg="Synced JSONL from sync branch to main repo"
time=2026-03-11T11:27:10.499+03:00 level=INFO msg="File change detected: %s" !BADKEY=/home/sorcerer/Projects/edu-operations-research-practice/.beads/issues.jsonl
time=2026-03-11T11:27:10.501+03:00 level=INFO msg="Imported from JSONL"
time=2026-03-11T11:27:10.502+03:00 level=INFO msg="Auto-import complete"
time=2026-03-11T11:27:11.500+03:00 level=INFO msg="Import triggered by file change"
time=2026-03-11T11:27:11.501+03:00 level=INFO msg="Starting %s..." !BADKEY=auto-import
time=2026-03-11T11:27:11.501+03:00 level=INFO msg="JSONL content changed, proceeding with %s..." !BADKEY=auto-import
time=2026-03-11T11:27:11.503+03:00 level=INFO msg="⚠️  WARNING: Uncommitted local changes detected in %s" !BADKEY=/home/sorcerer/Projects/edu-operations-research-practice/.beads/issues.jsonl
time=2026-03-11T11:27:11.503+03:00 level=INFO msg="   Pulling from remote may overwrite local unpushed changes."
time=2026-03-11T11:27:11.503+03:00 level=INFO msg="   Consider running 'bd sync' to commit and push your changes first."
time=2026-03-11T11:27:36.419+03:00 level=INFO msg="Pulled sync branch %s" !BADKEY=main
time=2026-03-11T11:27:36.419+03:00 level=INFO msg="Synced JSONL from sync branch to main repo"
time=2026-03-11T11:27:36.419+03:00 level=INFO msg="File change detected: %s" !BADKEY=/home/sorcerer/Projects/edu-operations-research-practice/.beads/issues.jsonl
time=2026-03-11T11:27:36.421+03:00 level=INFO msg="Imported from JSONL"
time=2026-03-11T11:27:36.422+03:00 level=INFO msg="Auto-import complete"
time=2026-03-11T11:27:37.420+03:00 level=INFO msg="Import triggered by file change"
time=2026-03-11T11:27:37.421+03:00 level=INFO msg="Starting %s..." !BADKEY=auto-import
time=2026-03-11T11:27:37.421+03:00 level=INFO msg="JSONL content changed, proceeding with %s..." !BADKEY=auto-import
time=2026-03-11T11:27:37.426+03:00 level=INFO msg="⚠️  WARNING: Uncommitted local changes detected in %s" !BADKEY=/home/sorcerer/Projects/edu-operations-research-practice/.beads/issues.jsonl
time=2026-03-11T11:27:37.426+03:00 level=INFO msg="   Pulling from remote may overwrite local unpushed changes."
time=2026-03-11T11:27:37.426+03:00 level=INFO msg="   Consider running 'bd sync' to commit and push your changes first."
time=2026-03-11T11:27:42.574+03:00 level=INFO msg="Pulled sync branch %s" !BADKEY=main
time=2026-03-11T11:27:42.574+03:00 level=INFO msg="Synced JSONL from sync branch to main repo"
time=2026-03-11T11:27:42.574+03:00 level=INFO msg="File change detected: %s" !BADKEY=/home/sorcerer/Projects/edu-operations-research-practice/.beads/issues.jsonl
time=2026-03-11T11:27:42.579+03:00 level=INFO msg="Imported from JSONL"
time=2026-03-11T11:27:42.580+03:00 level=INFO msg="Auto-import complete"
time=2026-03-11T11:27:43.576+03:00 level=INFO msg="Import triggered by file change"
time=2026-03-11T11:27:43.577+03:00 level=INFO msg="Starting %s..." !BADKEY=auto-import
time=2026-03-11T11:27:43.577+03:00 level=INFO msg="JSONL content changed, proceeding with %s..." !BADKEY=auto-import
time=2026-03-11T11:27:43.579+03:00 level=INFO msg="⚠️  WARNING: Uncommitted local changes detected in %s" !BADKEY=/home/sorcerer/Projects/edu-operations-research-practice/.beads/issues.jsonl
time=2026-03-11T11:27:43.579+03:00 level=INFO msg="   Pulling from remote may overwrite local unpushed changes."
time=2026-03-11T11:27:43.579+03:00 level=INFO msg="   Consider running 'bd sync' to commit and push your changes first."
time=2026-03-11T11:27:47.788+03:00 level=INFO msg="Pulled sync branch %s" !BADKEY=main
time=2026-03-11T11:27:47.788+03:00 level=INFO msg="Synced JSONL from sync branch to main repo"
time=2026-03-11T11:27:47.788+03:00 level=INFO msg="File change detected: %s" !BADKEY=/home/sorcerer/Projects/edu-operations-research-practice/.beads/issues.jsonl
time=2026-03-11T11:27:47.791+03:00 level=INFO msg="Imported from JSONL"
time=2026-03-11T11:27:47.792+03:00 level=INFO msg="Auto-import complete"
time=2026-03-11T11:27:48.790+03:00 level=INFO msg="Import triggered by file change"
time=2026-03-11T11:27:48.790+03:00 level=INFO msg="Starting %s..." !BADKEY=auto-import
time=2026-03-11T11:27:48.790+03:00 level=INFO msg="JSONL content changed, proceeding with %s..." !BADKEY=auto-import
time=2026-03-11T11:27:48.792+03:00 level=INFO msg="⚠️  WARNING: Uncommitted local changes detected in %s" !BADKEY=/home/sorcerer/Projects/edu-operations-research-practice/.beads/issues.jsonl
time=2026-03-11T11:27:48.792+03:00 level=INFO msg="   Pulling from remote may overwrite local unpushed changes."
time=2026-03-11T11:27:48.792+03:00 level=INFO msg="   Consider running 'bd sync' to commit and push your changes first."
time=2026-03-11T11:27:52.854+03:00 level=INFO msg="Pulled sync branch %s" !BADKEY=main
time=2026-03-11T11:27:52.855+03:00 level=INFO msg="File change detected: %s" !BADKEY=/home/sorcerer/Projects/edu-operations-research-practice/.beads/issues.jsonl
time=2026-03-11T11:27:52.855+03:00 level=INFO msg="Synced JSONL from sync branch to main repo"
time=2026-03-11T11:27:52.857+03:00 level=INFO msg="Imported from JSONL"
time=2026-03-11T11:27:52.858+03:00 level=INFO msg="Auto-import complete"
time=2026-03-11T11:27:53.856+03:00 level=INFO msg="Import triggered by file change"
time=2026-03-11T11:27:53.856+03:00 level=INFO msg="Starting %s..." !BADKEY=auto-import
time=2026-03-11T11:27:53.857+03:00 level=INFO msg="JSONL content changed, proceeding with %s..." !BADKEY=auto-import
time=2026-03-11T11:27:53.860+03:00 level=INFO msg="⚠️  WARNING: Uncommitted local changes detected in %s" !BADKEY=/home/sorcerer/Projects/edu-operations-research-practice/.beads/issues.jsonl
time=2026-03-11T11:27:53.860+03:00 level=INFO msg="   Pulling from remote may overwrite local unpushed changes."
time=2026-03-11T11:27:53.860+03:00 level=INFO msg="   Consider running 'bd sync' to commit and push your changes first."
time=2026-03-11T11:27:57.044+03:00 level=INFO msg="Pulled sync branch %s" !BADKEY=main
time=2026-03-11T11:27:57.044+03:00 level=INFO msg="File change detected: %s" !BADKEY=/home/sorcerer/Projects/edu-operations-research-practice/.beads/issues.jsonl
time=2026-03-11T11:27:57.044+03:00 level=INFO msg="Synced JSONL from sync branch to main repo"
time=2026-03-11T11:27:57.047+03:00 level=INFO msg="Imported from JSONL"
time=2026-03-11T11:27:57.047+03:00 level=INFO msg="Auto-import complete"
time=2026-03-11T11:27:58.045+03:00 level=INFO msg="Import triggered by file change"
time=2026-03-11T11:27:58.046+03:00 level=INFO msg="Starting %s..." !BADKEY=auto-import
time=2026-03-11T11:27:58.046+03:00 level=INFO msg="JSONL content changed, proceeding with %s..." !BADKEY=auto-import
time=2026-03-11T11:27:58.050+03:00 level=INFO msg="⚠️  WARNING: Uncommitted local changes detected in %s" !BADKEY=/home/sorcerer/Projects/edu-operations-research-practice/.beads/issues.jsonl
time=2026-03-11T11:27:58.050+03:00 level=INFO msg="   Pulling from remote may overwrite local unpushed changes."
time=2026-03-11T11:27:58.050+03:00 level=INFO msg="   Consider running 'bd sync' to commit and push your changes first."
time=2026-03-11T11:28:01.597+03:00 level=INFO msg="Pulled sync branch %s" !BADKEY=main
time=2026-03-11T11:28:01.598+03:00 level=INFO msg="Synced JSONL from sync branch to main repo"
time=2026-03-11T11:28:01.598+03:00 level=INFO msg="File change detected: %s" !BADKEY=/home/sorcerer/Projects/edu-operations-research-practice/.beads/issues.jsonl
time=2026-03-11T11:28:01.601+03:00 level=INFO msg="Imported from JSONL"
time=2026-03-11T11:28:01.601+03:00 level=INFO msg="Auto-import complete"
time=2026-03-11T11:28:02.600+03:00 level=INFO msg="Import triggered by file change"
time=2026-03-11T11:28:02.600+03:00 level=INFO msg="Starting %s..." !BADKEY=auto-import
time=2026-03-11T11:28:02.600+03:00 level=INFO msg="JSONL content changed, proceeding with %s..." !BADKEY=auto-import
time=2026-03-11T11:28:02.603+03:00 level=INFO msg="⚠️  WARNING: Uncommitted local changes detected in %s" !BADKEY=/home/sorcerer/Projects/edu-operations-research-practice/.beads/issues.jsonl
time=2026-03-11T11:28:02.603+03:00 level=INFO msg="   Pulling from remote may overwrite local unpushed changes."
time=2026-03-11T11:28:02.603+03:00 level=INFO msg="   Consider running 'bd sync' to commit and push your changes first."
time=2026-03-11T11:28:08.511+03:00 level=INFO msg="Pulled sync branch %s" !BADKEY=main
time=2026-03-11T11:28:08.512+03:00 level=INFO msg="Synced JSONL from sync branch to main repo"
time=2026-03-11T11:28:08.512+03:00 level=INFO msg="File change detected: %s" !BADKEY=/home/sorcerer/Projects/edu-operations-research-practice/.beads/issues.jsonl
time=2026-03-11T11:28:08.516+03:00 level=INFO msg="Imported from JSONL"
time=2026-03-11T11:28:08.516+03:00 level=INFO msg="Auto-import complete"
time=2026-03-11T11:28:09.513+03:00 level=INFO msg="Import triggered by file change"
time=2026-03-11T11:28:09.513+03:00 level=INFO msg="Starting %s..." !BADKEY=auto-import
time=2026-03-11T11:28:09.513+03:00 level=INFO msg="JSONL content changed, proceeding with %s..." !BADKEY=auto-import
time=2026-03-11T11:28:09.517+03:00 level=INFO msg="⚠️  WARNING: Uncommitted local changes detected in %s" !BADKEY=/home/sorcerer/Projects/edu-operations-research-practice/.beads/issues.jsonl
time=2026-03-11T11:28:09.517+03:00 level=INFO msg="   Pulling from remote may overwrite local unpushed changes."
time=2026-03-11T11:28:09.517+03:00 level=INFO msg="   Consider running 'bd sync' to commit and push your changes first."
time=2026-03-11T11:28:16.736+03:00 level=INFO msg="Pulled sync branch %s" !BADKEY=main
time=2026-03-11T11:28:16.736+03:00 level=INFO msg="File change detected: %s" !BADKEY=/home/sorcerer/Projects/edu-operations-research-practice/.beads/issues.jsonl
time=2026-03-11T11:28:16.736+03:00 level=INFO msg="Synced JSONL from sync branch to main repo"
time=2026-03-11T11:28:16.738+03:00 level=INFO msg="Imported from JSONL"
time=2026-03-11T11:28:16.738+03:00 level=INFO msg="Auto-import complete"
time=2026-03-11T11:28:17.737+03:00 level=INFO msg="Import triggered by file change"
time=2026-03-11T11:28:17.737+03:00 level=INFO msg="Starting %s..." !BADKEY=auto-import
time=2026-03-11T11:28:17.738+03:00 level=INFO msg="JSONL content changed, proceeding with %s..." !BADKEY=auto-import
time=2026-03-11T11:28:17.740+03:00 level=INFO msg="⚠️  WARNING: Uncommitted local changes detected in %s" !BADKEY=/home/sorcerer/Projects/edu-operations-research-practice/.beads/issues.jsonl
time=2026-03-11T11:28:17.740+03:00 level=INFO msg="   Pulling from remote may overwrite local unpushed changes."
time=2026-03-11T11:28:17.740+03:00 level=INFO msg="   Consider running 'bd sync' to commit and push your changes first."
time=2026-03-11T11:28:21.132+03:00 level=INFO msg="Git ref change detected: %s" !BADKEY=/home/sorcerer/Projects/edu-operations-research-practice/.git/refs/heads/main.lock
time=2026-03-11T11:28:21.952+03:00 level=INFO msg="Pulled sync branch %s" !BADKEY=main
time=2026-03-11T11:28:21.953+03:00 level=INFO msg="Synced JSONL from sync branch to main repo"
time=2026-03-11T11:28:21.953+03:00 level=INFO msg="File change detected: %s" !BADKEY=/home/sorcerer/Projects/edu-operations-research-practice/.beads/issues.jsonl
time=2026-03-11T11:28:21.955+03:00 level=INFO msg="Imported from JSONL"
time=2026-03-11T11:28:21.956+03:00 level=INFO msg="Auto-import complete"
time=2026-03-11T11:28:22.133+03:00 level=INFO msg="Import triggered by file change"
time=2026-03-11T11:28:22.134+03:00 level=INFO msg="Starting %s..." !BADKEY=auto-import
time=2026-03-11T11:28:22.134+03:00 level=INFO msg="JSONL content changed, proceeding with %s..." !BADKEY=auto-import
time=2026-03-11T11:28:22.954+03:00 level=INFO msg="Import triggered by file change"
time=2026-03-11T11:28:22.955+03:00 level=INFO msg="Starting %s..." !BADKEY=auto-import
time=2026-03-11T11:28:22.955+03:00 level=INFO msg="JSONL content changed, proceeding with %s..." !BADKEY=auto-import
time=2026-03-11T11:28:30.301+03:00 level=INFO msg="Pulled sync branch %s" !BADKEY=main
time=2026-03-11T11:28:30.302+03:00 level=INFO msg="Synced JSONL from sync branch to main repo"
time=2026-03-11T11:28:30.302+03:00 level=INFO msg="File change detected: %s" !BADKEY=/home/sorcerer/Projects/edu-operations-research-practice/.beads/issues.jsonl
time=2026-03-11T11:28:30.308+03:00 level=INFO msg="Imported from JSONL"
time=2026-03-11T11:28:30.310+03:00 level=INFO msg="Auto-import complete"
time=2026-03-11T11:28:31.303+03:00 level=INFO msg="Import triggered by file change"
time=2026-03-11T11:28:31.303+03:00 level=INFO msg="Starting %s..." !BADKEY=auto-import
time=2026-03-11T11:28:31.304+03:00 level=INFO msg="JSONL content changed, proceeding with %s..." !BADKEY=auto-import
time=2026-03-11T11:28:33.888+03:00 level=INFO msg="Pulled sync branch %s" !BADKEY=main
time=2026-03-11T11:28:33.888+03:00 level=INFO msg="File change detected: %s" !BADKEY=/home/sorcerer/Projects/edu-operations-research-practice/.beads/issues.jsonl
time=2026-03-11T11:28:33.888+03:00 level=INFO msg="Synced JSONL from sync branch to main repo"
time=2026-03-11T11:28:33.891+03:00 level=INFO msg="Imported from JSONL"
time=2026-03-11T11:28:33.892+03:00 level=INFO msg="Auto-import complete"
time=2026-03-11T11:28:34.889+03:00 level=INFO msg="Import triggered by file change"
time=2026-03-11T11:28:34.889+03:00 level=INFO msg="Starting %s..." !BADKEY=auto-import
time=2026-03-11T11:28:34.890+03:00 level=INFO msg="JSONL content changed, proceeding with %s..." !BADKEY=auto-import
time=2026-03-11T11:28:37.267+03:00 level=INFO msg="Pulled sync branch %s" !BADKEY=main
time=2026-03-11T11:28:37.268+03:00 level=INFO msg="Synced JSONL from sync branch to main repo"
time=2026-03-11T11:28:37.270+03:00 level=INFO msg="File change detected: %s" !BADKEY=/home/sorcerer/Projects/edu-operations-research-practice/.beads/issues.jsonl
time=2026-03-11T11:28:37.271+03:00 level=INFO msg="Imported from JSONL"
time=2026-03-11T11:28:37.272+03:00 level=INFO msg="Auto-import complete"
time=2026-03-11T11:28:38.271+03:00 level=INFO msg="Import triggered by file change"
time=2026-03-11T11:28:38.271+03:00 level=INFO msg="Starting %s..." !BADKEY=auto-import
time=2026-03-11T11:28:38.271+03:00 level=INFO msg="JSONL content changed, proceeding with %s..." !BADKEY=auto-import
time=2026-03-11T11:28:41.983+03:00 level=INFO msg="Pulled sync branch %s" !BADKEY=main
time=2026-03-11T11:28:41.984+03:00 level=INFO msg="Synced JSONL from sync branch to main repo"
time=2026-03-11T11:28:41.984+03:00 level=INFO msg="File change detected: %s" !BADKEY=/home/sorcerer/Projects/edu-operations-research-practice/.beads/issues.jsonl
time=2026-03-11T11:28:41.988+03:00 level=INFO msg="Imported from JSONL"
time=2026-03-11T11:28:41.989+03:00 level=INFO msg="Auto-import complete"
time=2026-03-11T11:28:42.852+03:00 level=INFO msg="Pulled sync branch %s" !BADKEY=main
time=2026-03-11T11:28:42.853+03:00 level=INFO msg="Synced JSONL from sync branch to main repo"
time=2026-03-11T11:28:42.853+03:00 level=INFO msg="File change detected: %s" !BADKEY=/home/sorcerer/Projects/edu-operations-research-practice/.beads/issues.jsonl
time=2026-03-11T11:28:42.857+03:00 level=INFO msg="Imported from JSONL"
time=2026-03-11T11:28:42.857+03:00 level=INFO msg="Auto-import complete"
time=2026-03-11T11:28:42.985+03:00 level=INFO msg="Import triggered by file change"
time=2026-03-11T11:28:42.985+03:00 level=INFO msg="Starting %s..." !BADKEY=auto-import
time=2026-03-11T11:28:42.986+03:00 level=INFO msg="JSONL content changed, proceeding with %s..." !BADKEY=auto-import
time=2026-03-11T11:28:43.855+03:00 level=INFO msg="Import triggered by file change"
time=2026-03-11T11:28:43.855+03:00 level=INFO msg="Starting %s..." !BADKEY=auto-import
time=2026-03-11T11:28:43.855+03:00 level=INFO msg="JSONL content changed, proceeding with %s..." !BADKEY=auto-import
time=2026-03-11T11:28:47.576+03:00 level=INFO msg="Pulled sync branch %s" !BADKEY=main
time=2026-03-11T11:28:47.576+03:00 level=INFO msg="File change detected: %s" !BADKEY=/home/sorcerer/Projects/edu-operations-research-practice/.beads/issues.jsonl
time=2026-03-11T11:28:47.576+03:00 level=INFO msg="Synced JSONL from sync branch to main repo"
time=2026-03-11T11:28:47.581+03:00 level=INFO msg="Imported from JSONL"
time=2026-03-11T11:28:47.581+03:00 level=INFO msg="Auto-import complete"
time=2026-03-11T11:28:48.218+03:00 level=INFO msg="Pulled sync branch %s" !BADKEY=main
time=2026-03-11T11:28:48.218+03:00 level=INFO msg="Synced JSONL from sync branch to main repo"
time=2026-03-11T11:28:48.218+03:00 level=INFO msg="File change detected: %s" !BADKEY=/home/sorcerer/Projects/edu-operations-research-practice/.beads/issues.jsonl
time=2026-03-11T11:28:48.220+03:00 level=INFO msg="Imported from JSONL"
time=2026-03-11T11:28:48.220+03:00 level=INFO msg="Auto-import complete"
time=2026-03-11T11:28:48.578+03:00 level=INFO msg="Import triggered by file change"
time=2026-03-11T11:28:48.578+03:00 level=INFO msg="Starting %s..." !BADKEY=auto-import
time=2026-03-11T11:28:48.578+03:00 level=INFO msg="JSONL content changed, proceeding with %s..." !BADKEY=auto-import
time=2026-03-11T11:28:49.220+03:00 level=INFO msg="Import triggered by file change"
time=2026-03-11T11:28:49.220+03:00 level=INFO msg="Starting %s..." !BADKEY=auto-import
time=2026-03-11T11:28:49.220+03:00 level=INFO msg="JSONL content changed, proceeding with %s..." !BADKEY=auto-import
time=2026-03-11T11:28:51.426+03:00 level=INFO msg="Pulled sync branch %s" !BADKEY=main
time=2026-03-11T11:28:51.427+03:00 level=INFO msg="File change detected: %s" !BADKEY=/home/sorcerer/Projects/edu-operations-research-practice/.beads/issues.jsonl
time=2026-03-11T11:28:51.427+03:00 level=INFO msg="Synced JSONL from sync branch to main repo"
time=2026-03-11T11:28:51.431+03:00 level=INFO msg="Imported from JSONL"
time=2026-03-11T11:28:51.432+03:00 level=INFO msg="Auto-import complete"
time=2026-03-11T11:28:52.429+03:00 level=INFO msg="Import triggered by file change"
time=2026-03-11T11:28:52.429+03:00 level=INFO msg="Starting %s..." !BADKEY=auto-import
time=2026-03-11T11:28:52.429+03:00 level=INFO msg="JSONL content changed, proceeding with %s..." !BADKEY=auto-import
time=2026-03-11T11:28:52.568+03:00 level=INFO msg="Sync branch pull failed: %v (backoff: %v)" !BADKEY="git pull failed in worktree: exit status 1\nFrom github.com:algorithmic-planetoid/edu-operations-research-practice\n * branch            main       -> FETCH_HEAD\nThere are no candidates for merging among the refs that you just fetched.\nGenerally this means that you provided a wildcard refspec which had no\nmatches on the remote end.\n" !BADKEY=30s
time=2026-03-11T11:28:56.781+03:00 level=INFO msg="Pulled sync branch %s" !BADKEY=main
time=2026-03-11T11:28:56.781+03:00 level=INFO msg="Synced JSONL from sync branch to main repo"
time=2026-03-11T11:28:56.781+03:00 level=INFO msg="File change detected: %s" !BADKEY=/home/sorcerer/Projects/edu-operations-research-practice/.beads/issues.jsonl
time=2026-03-11T11:28:56.786+03:00 level=INFO msg="Imported from JSONL"
time=2026-03-11T11:28:56.787+03:00 level=INFO msg="Auto-import complete"
time=2026-03-11T11:28:57.783+03:00 level=INFO msg="Import triggered by file change"
time=2026-03-11T11:28:57.783+03:00 level=INFO msg="Starting %s..." !BADKEY=auto-import
time=2026-03-11T11:28:57.783+03:00 level=INFO msg="JSONL content changed, proceeding with %s..." !BADKEY=auto-import
time=2026-03-11T11:29:00.231+03:00 level=INFO msg="Pulled sync branch %s" !BADKEY=main
time=2026-03-11T11:29:00.232+03:00 level=INFO msg="File change detected: %s" !BADKEY=/home/sorcerer/Projects/edu-operations-research-practice/.beads/issues.jsonl
time=2026-03-11T11:29:00.232+03:00 level=INFO msg="Synced JSONL from sync branch to main repo"
time=2026-03-11T11:29:00.233+03:00 level=INFO msg="Imported from JSONL"
time=2026-03-11T11:29:00.234+03:00 level=INFO msg="Auto-import complete"
time=2026-03-11T11:29:01.233+03:00 level=INFO msg="Import triggered by file change"
time=2026-03-11T11:29:01.234+03:00 level=INFO msg="Starting %s..." !BADKEY=auto-import
time=2026-03-11T11:29:01.234+03:00 level=INFO msg="JSONL content changed, proceeding with %s..." !BADKEY=auto-import
time=2026-03-11T11:29:03.731+03:00 level=INFO msg="Pulled sync branch %s" !BADKEY=main
time=2026-03-11T11:29:03.731+03:00 level=INFO msg="Synced JSONL from sync branch to main repo"
time=2026-03-11T11:29:03.732+03:00 level=INFO msg="File change detected: %s" !BADKEY=/home/sorcerer/Projects/edu-operations-research-practice/.beads/issues.jsonl
time=2026-03-11T11:29:03.734+03:00 level=INFO msg="Imported from JSONL"
time=2026-03-11T11:29:03.734+03:00 level=INFO msg="Auto-import complete"
time=2026-03-11T11:29:04.733+03:00 level=INFO msg="Import triggered by file change"
time=2026-03-11T11:29:04.733+03:00 level=INFO msg="Starting %s..." !BADKEY=auto-import
time=2026-03-11T11:29:04.734+03:00 level=INFO msg="JSONL content changed, proceeding with %s..." !BADKEY=auto-import
time=2026-03-11T11:29:07.394+03:00 level=INFO msg="Pulled sync branch %s" !BADKEY=main
time=2026-03-11T11:29:07.395+03:00 level=INFO msg="Synced JSONL from sync branch to main repo"
time=2026-03-11T11:29:07.395+03:00 level=INFO msg="File change detected: %s" !BADKEY=/home/sorcerer/Projects/edu-operations-research-practice/.beads/issues.jsonl
time=2026-03-11T11:29:07.399+03:00 level=INFO msg="Imported from JSONL"
time=2026-03-11T11:29:07.399+03:00 level=INFO msg="Auto-import complete"
time=2026-03-11T11:29:08.396+03:00 level=INFO msg="Import triggered by file change"
time=2026-03-11T11:29:08.396+03:00 level=INFO msg="Starting %s..." !BADKEY=auto-import
time=2026-03-11T11:29:08.396+03:00 level=INFO msg="JSONL content changed, proceeding with %s..." !BADKEY=auto-import
time=2026-03-11T11:29:11.194+03:00 level=INFO msg="Pulled sync branch %s" !BADKEY=main
time=2026-03-11T11:29:11.194+03:00 level=INFO msg="Synced JSONL from sync branch to main repo"
time=2026-03-11T11:29:11.194+03:00 level=INFO msg="File change detected: %s" !BADKEY=/home/sorcerer/Projects/edu-operations-research-practice/.beads/issues.jsonl
time=2026-03-11T11:29:11.196+03:00 level=INFO msg="Imported from JSONL"
time=2026-03-11T11:29:11.196+03:00 level=INFO msg="Auto-import complete"
time=2026-03-11T11:29:12.196+03:00 level=INFO msg="Import triggered by file change"
time=2026-03-11T11:29:12.196+03:00 level=INFO msg="Starting %s..." !BADKEY=auto-import
time=2026-03-11T11:29:12.197+03:00 level=INFO msg="JSONL content changed, proceeding with %s..." !BADKEY=auto-import
time=2026-03-11T11:29:14.704+03:00 level=INFO msg="Pulled sync branch %s" !BADKEY=main
time=2026-03-11T11:29:14.704+03:00 level=INFO msg="Synced JSONL from sync branch to main repo"
time=2026-03-11T11:29:14.704+03:00 level=INFO msg="File change detected: %s" !BADKEY=/home/sorcerer/Projects/edu-operations-research-practice/.beads/issues.jsonl
time=2026-03-11T11:29:14.706+03:00 level=INFO msg="Imported from JSONL"
time=2026-03-11T11:29:14.707+03:00 level=INFO msg="Auto-import complete"
time=2026-03-11T11:29:15.706+03:00 level=INFO msg="Import triggered by file change"
time=2026-03-11T11:29:15.707+03:00 level=INFO msg="Starting %s..." !BADKEY=auto-import
time=2026-03-11T11:29:15.707+03:00 level=INFO msg="JSONL content changed, proceeding with %s..." !BADKEY=auto-import
time=2026-03-11T11:29:18.377+03:00 level=INFO msg="Pulled sync branch %s" !BADKEY=main
time=2026-03-11T11:29:18.378+03:00 level=INFO msg="File change detected: %s" !BADKEY=/home/sorcerer/Projects/edu-operations-research-practice/.beads/issues.jsonl
time=2026-03-11T11:29:18.378+03:00 level=INFO msg="Synced JSONL from sync branch to main repo"
time=2026-03-11T11:29:18.399+03:00 level=INFO msg="Imported from JSONL"
time=2026-03-11T11:29:18.402+03:00 level=INFO msg="Auto-import complete"
time=2026-03-11T11:29:19.378+03:00 level=INFO msg="Import triggered by file change"
time=2026-03-11T11:29:19.378+03:00 level=INFO msg="Starting %s..." !BADKEY=auto-import
time=2026-03-11T11:29:19.380+03:00 level=INFO msg="Skipping %s: JSONL content unchanged" !BADKEY=auto-import
time=2026-03-11T11:46:07.492+03:00 level=INFO msg="Mutation detected: %s %s" create=eorp-3cg
time=2026-03-11T11:46:07.992+03:00 level=INFO msg="Export triggered by mutation events"
time=2026-03-11T11:46:07.992+03:00 level=INFO msg="Starting %s..." !BADKEY=export
time=2026-03-11T11:46:08.006+03:00 level=INFO msg="Exported to JSONL"
time=2026-03-11T11:46:08.006+03:00 level=INFO msg="Export complete"
time=2026-03-11T11:46:08.006+03:00 level=INFO msg="JSONL file created: %s" !BADKEY=/home/sorcerer/Projects/edu-operations-research-practice/.beads/issues.jsonl
time=2026-03-11T11:46:09.008+03:00 level=INFO msg="Import triggered by file change"
time=2026-03-11T11:46:09.008+03:00 level=INFO msg="Starting %s..." !BADKEY=auto-import
time=2026-03-11T11:46:09.009+03:00 level=INFO msg="JSONL content changed, proceeding with %s..." !BADKEY=auto-import
time=2026-03-11T11:46:09.010+03:00 level=INFO msg="⚠️  WARNING: Uncommitted local changes detected in %s" !BADKEY=/home/sorcerer/Projects/edu-operations-research-practice/.beads/issues.jsonl
time=2026-03-11T11:46:09.010+03:00 level=INFO msg="   Pulling from remote may overwrite local unpushed changes."
time=2026-03-11T11:46:09.010+03:00 level=INFO msg="   Consider running 'bd sync' to commit and push your changes first."
time=2026-03-11T11:46:11.775+03:00 level=INFO msg="Pulled sync branch %s" !BADKEY=main
time=2026-03-11T11:46:11.776+03:00 level=INFO msg="Synced JSONL from sync branch to main repo"
time=2026-03-11T11:46:11.776+03:00 level=INFO msg="File change detected: %s" !BADKEY=/home/sorcerer/Projects/edu-operations-research-practice/.beads/issues.jsonl
time=2026-03-11T11:46:11.780+03:00 level=INFO msg="Imported from JSONL"
time=2026-03-11T11:46:11.781+03:00 level=INFO msg="Auto-import complete"
time=2026-03-11T11:46:12.777+03:00 level=INFO msg="Import triggered by file change"
time=2026-03-11T11:46:12.777+03:00 level=INFO msg="Starting %s..." !BADKEY=auto-import
time=2026-03-11T11:46:12.778+03:00 level=INFO msg="Skipping %s: JSONL content unchanged" !BADKEY=auto-import
time=2026-03-11T11:46:15.317+03:00 level=INFO msg="Mutation detected: %s %s" status=eorp-3cg
time=2026-03-11T11:46:15.818+03:00 level=INFO msg="Export triggered by mutation events"
time=2026-03-11T11:46:15.818+03:00 level=INFO msg="Starting %s..." !BADKEY=export
time=2026-03-11T11:46:15.819+03:00 level=INFO msg="Exported to JSONL"
time=2026-03-11T11:46:15.819+03:00 level=INFO msg="Export complete"
time=2026-03-11T11:46:15.819+03:00 level=INFO msg="JSONL file created: %s" !BADKEY=/home/sorcerer/Projects/edu-operations-research-practice/.beads/issues.jsonl
time=2026-03-11T11:46:16.821+03:00 level=INFO msg="Import triggered by file change"
time=2026-03-11T11:46:16.822+03:00 level=INFO msg="Starting %s..." !BADKEY=auto-import
time=2026-03-11T11:46:16.822+03:00 level=INFO msg="JSONL content changed, proceeding with %s..." !BADKEY=auto-import
time=2026-03-11T11:46:16.826+03:00 level=INFO msg="⚠️  WARNING: Uncommitted local changes detected in %s" !BADKEY=/home/sorcerer/Projects/edu-operations-research-practice/.beads/issues.jsonl
time=2026-03-11T11:46:16.827+03:00 level=INFO msg="   Pulling from remote may overwrite local unpushed changes."
time=2026-03-11T11:46:16.827+03:00 level=INFO msg="   Consider running 'bd sync' to commit and push your changes first."
time=2026-03-11T11:46:21.877+03:00 level=INFO msg="Pulled sync branch %s" !BADKEY=main
time=2026-03-11T11:46:21.877+03:00 level=INFO msg="File change detected: %s" !BADKEY=/home/sorcerer/Projects/edu-operations-research-practice/.beads/issues.jsonl
time=2026-03-11T11:46:21.877+03:00 level=INFO msg="Synced JSONL from sync branch to main repo"
time=2026-03-11T11:46:21.883+03:00 level=INFO msg="Imported from JSONL"
time=2026-03-11T11:46:21.884+03:00 level=INFO msg="Auto-import complete"
time=2026-03-11T11:46:22.879+03:00 level=INFO msg="Import triggered by file change"
time=2026-03-11T11:46:22.879+03:00 level=INFO msg="Starting %s..." !BADKEY=auto-import
time=2026-03-11T11:46:22.880+03:00 level=INFO msg="Skipping %s: JSONL content unchanged" !BADKEY=auto-import
time=2026-03-11T11:48:22.170+03:00 level=INFO msg="Git ref change detected: %s" !BADKEY=/home/sorcerer/Projects/edu-operations-research-practice/.git/refs/heads/main.lock
time=2026-03-11T11:48:23.172+03:00 level=INFO msg="Import triggered by file change"
time=2026-03-11T11:48:23.172+03:00 level=INFO msg="Starting %s..." !BADKEY=auto-import
time=2026-03-11T11:48:23.173+03:00 level=INFO msg="Skipping %s: JSONL content unchanged" !BADKEY=auto-import
time=2026-03-11T11:48:30.933+03:00 level=INFO msg="Mutation detected: %s %s" status=eorp-3cg
time=2026-03-11T11:48:31.434+03:00 level=INFO msg="Export triggered by mutation events"
time=2026-03-11T11:48:31.434+03:00 level=INFO msg="Starting %s..." !BADKEY=export
time=2026-03-11T11:48:31.438+03:00 level=INFO msg="Exported to JSONL"
time=2026-03-11T11:48:31.438+03:00 level=INFO msg="Export complete"
time=2026-03-11T11:48:31.438+03:00 level=INFO msg="JSONL file created: %s" !BADKEY=/home/sorcerer/Projects/edu-operations-research-practice/.beads/issues.jsonl
time=2026-03-11T11:48:32.440+03:00 level=INFO msg="Import triggered by file change"
time=2026-03-11T11:48:32.440+03:00 level=INFO msg="Starting %s..." !BADKEY=auto-import
time=2026-03-11T11:48:32.440+03:00 level=INFO msg="JSONL content changed, proceeding with %s..." !BADKEY=auto-import
time=2026-03-11T11:48:32.443+03:00 level=INFO msg="⚠️  WARNING: Uncommitted local changes detected in %s" !BADKEY=/home/sorcerer/Projects/edu-operations-research-practice/.beads/issues.jsonl
time=2026-03-11T11:48:32.443+03:00 level=INFO msg="   Pulling from remote may overwrite local unpushed changes."
time=2026-03-11T11:48:32.443+03:00 level=INFO msg="   Consider running 'bd sync' to commit and push your changes first."
time=2026-03-11T11:48:43.116+03:00 level=INFO msg="Sync branch pull failed: %v (backoff: %v)" !BADKEY="git pull failed in worktree: exit status 1\nremote: Repository not found.\nfatal: repository 'https://github.com/remote-worker-prof/edu-operations-research-practice.git/' not found\n" !BADKEY=30s
time=2026-03-11T11:49:36.966+03:00 level=INFO msg="Git ref change detected: %s" !BADKEY=/home/sorcerer/Projects/edu-operations-research-practice/.git/refs/heads/main.lock
time=2026-03-11T11:49:37.967+03:00 level=INFO msg="Import triggered by file change"
time=2026-03-11T11:49:37.968+03:00 level=INFO msg="Starting %s..." !BADKEY=auto-import
time=2026-03-11T11:49:37.968+03:00 level=INFO msg="JSONL content changed, proceeding with %s..." !BADKEY=auto-import
time=2026-03-11T11:49:42.842+03:00 level=INFO msg="Sync branch pull failed: %v (backoff: %v)" !BADKEY="git pull failed in worktree: exit status 1\nremote: Repository not found.\nfatal: repository 'https://github.com/remote-worker-prof/edu-operations-research-practice.git/' not found\n" !BADKEY=1m0s
time=2026-03-11T12:12:18.748+03:00 level=INFO msg="Mutation detected: %s %s" create=eorp-z0l
time=2026-03-11T12:12:18.808+03:00 level=INFO msg="Mutation detected: %s %s" create=eorp-wiu
time=2026-03-11T12:12:18.868+03:00 level=INFO msg="Mutation detected: %s %s" create=eorp-4q2
time=2026-03-11T12:12:18.928+03:00 level=INFO msg="Mutation detected: %s %s" create=eorp-23o
time=2026-03-11T12:12:19.429+03:00 level=INFO msg="Export triggered by mutation events"
time=2026-03-11T12:12:19.429+03:00 level=INFO msg="Starting %s..." !BADKEY=export
time=2026-03-11T12:12:19.431+03:00 level=INFO msg="Exported to JSONL"
time=2026-03-11T12:12:19.431+03:00 level=INFO msg="Export complete"
time=2026-03-11T12:12:19.431+03:00 level=INFO msg="JSONL file created: %s" !BADKEY=/home/sorcerer/Projects/edu-operations-research-practice/.beads/issues.jsonl
time=2026-03-11T12:12:19.431+03:00 level=INFO msg="File change detected: %s" !BADKEY=/home/sorcerer/Projects/edu-operations-research-practice/.beads/issues.jsonl
time=2026-03-11T12:12:20.432+03:00 level=INFO msg="Import triggered by file change"
time=2026-03-11T12:12:20.432+03:00 level=INFO msg="Starting %s..." !BADKEY=auto-import
time=2026-03-11T12:12:20.433+03:00 level=INFO msg="JSONL content changed, proceeding with %s..." !BADKEY=auto-import
time=2026-03-11T12:12:20.435+03:00 level=INFO msg="⚠️  WARNING: Uncommitted local changes detected in %s" !BADKEY=/home/sorcerer/Projects/edu-operations-research-practice/.beads/issues.jsonl
time=2026-03-11T12:12:20.435+03:00 level=INFO msg="   Pulling from remote may overwrite local unpushed changes."
time=2026-03-11T12:12:20.435+03:00 level=INFO msg="   Consider running 'bd sync' to commit and push your changes first."
time=2026-03-11T12:12:21.267+03:00 level=INFO msg="Pulled sync branch %s" !BADKEY=main
time=2026-03-11T12:12:21.267+03:00 level=INFO msg="Synced JSONL from sync branch to main repo"
time=2026-03-11T12:12:21.267+03:00 level=INFO msg="File change detected: %s" !BADKEY=/home/sorcerer/Projects/edu-operations-research-practice/.beads/issues.jsonl
time=2026-03-11T12:12:21.275+03:00 level=INFO msg="Imported from JSONL"
time=2026-03-11T12:12:21.278+03:00 level=INFO msg="Auto-import complete"
time=2026-03-11T12:12:22.269+03:00 level=INFO msg="Import triggered by file change"
time=2026-03-11T12:12:22.269+03:00 level=INFO msg="Starting %s..." !BADKEY=auto-import
time=2026-03-11T12:12:22.270+03:00 level=INFO msg="JSONL content changed, proceeding with %s..." !BADKEY=auto-import
time=2026-03-11T12:12:22.271+03:00 level=INFO msg="⚠️  WARNING: Uncommitted local changes detected in %s" !BADKEY=/home/sorcerer/Projects/edu-operations-research-practice/.beads/issues.jsonl
time=2026-03-11T12:12:22.271+03:00 level=INFO msg="   Pulling from remote may overwrite local unpushed changes."
time=2026-03-11T12:12:22.271+03:00 level=INFO msg="   Consider running 'bd sync' to commit and push your changes first."
time=2026-03-11T12:12:22.976+03:00 level=INFO msg="Pulled sync branch %s" !BADKEY=main
time=2026-03-11T12:12:22.976+03:00 level=INFO msg="Synced JSONL from sync branch to main repo"
time=2026-03-11T12:12:22.976+03:00 level=INFO msg="File change detected: %s" !BADKEY=/home/sorcerer/Projects/edu-operations-research-practice/.beads/issues.jsonl
time=2026-03-11T12:12:22.979+03:00 level=INFO msg="Imported from JSONL"
time=2026-03-11T12:12:22.979+03:00 level=INFO msg="Auto-import complete"
time=2026-03-11T12:12:23.978+03:00 level=INFO msg="Import triggered by file change"
time=2026-03-11T12:12:23.978+03:00 level=INFO msg="Starting %s..." !BADKEY=auto-import
time=2026-03-11T12:12:23.978+03:00 level=INFO msg="JSONL content changed, proceeding with %s..." !BADKEY=auto-import
time=2026-03-11T12:12:23.980+03:00 level=INFO msg="⚠️  WARNING: Uncommitted local changes detected in %s" !BADKEY=/home/sorcerer/Projects/edu-operations-research-practice/.beads/issues.jsonl
time=2026-03-11T12:12:23.980+03:00 level=INFO msg="   Pulling from remote may overwrite local unpushed changes."
time=2026-03-11T12:12:23.980+03:00 level=INFO msg="   Consider running 'bd sync' to commit and push your changes first."
time=2026-03-11T12:12:24.785+03:00 level=INFO msg="Pulled sync branch %s" !BADKEY=main
time=2026-03-11T12:12:24.785+03:00 level=INFO msg="Synced JSONL from sync branch to main repo"
time=2026-03-11T12:12:24.785+03:00 level=INFO msg="File change detected: %s" !BADKEY=/home/sorcerer/Projects/edu-operations-research-practice/.beads/issues.jsonl
time=2026-03-11T12:12:24.787+03:00 level=INFO msg="Imported from JSONL"
time=2026-03-11T12:12:24.788+03:00 level=INFO msg="Auto-import complete"
time=2026-03-11T12:12:25.787+03:00 level=INFO msg="Import triggered by file change"
time=2026-03-11T12:12:25.787+03:00 level=INFO msg="Starting %s..." !BADKEY=auto-import
time=2026-03-11T12:12:25.787+03:00 level=INFO msg="JSONL content changed, proceeding with %s..." !BADKEY=auto-import
time=2026-03-11T12:12:25.789+03:00 level=INFO msg="⚠️  WARNING: Uncommitted local changes detected in %s" !BADKEY=/home/sorcerer/Projects/edu-operations-research-practice/.beads/issues.jsonl
time=2026-03-11T12:12:25.789+03:00 level=INFO msg="   Pulling from remote may overwrite local unpushed changes."
time=2026-03-11T12:12:25.789+03:00 level=INFO msg="   Consider running 'bd sync' to commit and push your changes first."
time=2026-03-11T12:12:26.447+03:00 level=INFO msg="Pulled sync branch %s" !BADKEY=main
time=2026-03-11T12:12:26.447+03:00 level=INFO msg="Synced JSONL from sync branch to main repo"
time=2026-03-11T12:12:26.447+03:00 level=INFO msg="File change detected: %s" !BADKEY=/home/sorcerer/Projects/edu-operations-research-practice/.beads/issues.jsonl
time=2026-03-11T12:12:26.449+03:00 level=INFO msg="Imported from JSONL"
time=2026-03-11T12:12:26.449+03:00 level=INFO msg="Auto-import complete"
time=2026-03-11T12:12:27.449+03:00 level=INFO msg="Import triggered by file change"
time=2026-03-11T12:12:27.449+03:00 level=INFO msg="Starting %s..." !BADKEY=auto-import
time=2026-03-11T12:12:27.449+03:00 level=INFO msg="JSONL content changed, proceeding with %s..." !BADKEY=auto-import
time=2026-03-11T12:12:27.451+03:00 level=INFO msg="⚠️  WARNING: Uncommitted local changes detected in %s" !BADKEY=/home/sorcerer/Projects/edu-operations-research-practice/.beads/issues.jsonl
time=2026-03-11T12:12:27.451+03:00 level=INFO msg="   Pulling from remote may overwrite local unpushed changes."
time=2026-03-11T12:12:27.451+03:00 level=INFO msg="   Consider running 'bd sync' to commit and push your changes first."
time=2026-03-11T12:12:28.257+03:00 level=INFO msg="Pulled sync branch %s" !BADKEY=main
time=2026-03-11T12:12:28.257+03:00 level=INFO msg="Synced JSONL from sync branch to main repo"
time=2026-03-11T12:12:28.257+03:00 level=INFO msg="File change detected: %s" !BADKEY=/home/sorcerer/Projects/edu-operations-research-practice/.beads/issues.jsonl
time=2026-03-11T12:12:28.259+03:00 level=INFO msg="Imported from JSONL"
time=2026-03-11T12:12:28.260+03:00 level=INFO msg="Auto-import complete"
time=2026-03-11T12:12:29.400+03:00 level=INFO msg="Import triggered by file change"
time=2026-03-11T12:12:29.400+03:00 level=INFO msg="Starting %s..." !BADKEY=auto-import
time=2026-03-11T12:12:29.401+03:00 level=INFO msg="JSONL content changed, proceeding with %s..." !BADKEY=auto-import
time=2026-03-11T12:12:29.403+03:00 level=INFO msg="⚠️  WARNING: Uncommitted local changes detected in %s" !BADKEY=/home/sorcerer/Projects/edu-operations-research-practice/.beads/issues.jsonl
time=2026-03-11T12:12:29.403+03:00 level=INFO msg="   Pulling from remote may overwrite local unpushed changes."
time=2026-03-11T12:12:29.403+03:00 level=INFO msg="   Consider running 'bd sync' to commit and push your changes first."
time=2026-03-11T12:12:30.362+03:00 level=INFO msg="Pulled sync branch %s" !BADKEY=main
time=2026-03-11T12:12:30.362+03:00 level=INFO msg="Synced JSONL from sync branch to main repo"
time=2026-03-11T12:12:30.362+03:00 level=INFO msg="File change detected: %s" !BADKEY=/home/sorcerer/Projects/edu-operations-research-practice/.beads/issues.jsonl
time=2026-03-11T12:12:30.364+03:00 level=INFO msg="Imported from JSONL"
time=2026-03-11T12:12:30.365+03:00 level=INFO msg="Auto-import complete"
time=2026-03-11T12:12:31.363+03:00 level=INFO msg="Import triggered by file change"
time=2026-03-11T12:12:31.364+03:00 level=INFO msg="Starting %s..." !BADKEY=auto-import
time=2026-03-11T12:12:31.364+03:00 level=INFO msg="JSONL content changed, proceeding with %s..." !BADKEY=auto-import
time=2026-03-11T12:12:31.366+03:00 level=INFO msg="⚠️  WARNING: Uncommitted local changes detected in %s" !BADKEY=/home/sorcerer/Projects/edu-operations-research-practice/.beads/issues.jsonl
time=2026-03-11T12:12:31.366+03:00 level=INFO msg="   Pulling from remote may overwrite local unpushed changes."
time=2026-03-11T12:12:31.366+03:00 level=INFO msg="   Consider running 'bd sync' to commit and push your changes first."
time=2026-03-11T12:12:31.551+03:00 level=INFO msg="Mutation detected: %s %s" create=eorp-992
time=2026-03-11T12:12:31.606+03:00 level=INFO msg="Mutation detected: %s %s" create=eorp-8e7
time=2026-03-11T12:12:31.657+03:00 level=INFO msg="Mutation detected: %s %s" create=eorp-gr5
time=2026-03-11T12:12:31.714+03:00 level=INFO msg="Mutation detected: %s %s" create=eorp-pdk
time=2026-03-11T12:12:32.215+03:00 level=INFO msg="Export triggered by mutation events"
time=2026-03-11T12:12:32.215+03:00 level=INFO msg="Starting %s..." !BADKEY=export
time=2026-03-11T12:12:32.215+03:00 level=INFO msg="Pre-export validation failed: %v" !BADKEY="refusing to export: JSONL content has changed since last import (import first to avoid data loss)"
time=2026-03-11T12:12:32.250+03:00 level=INFO msg="Pulled sync branch %s" !BADKEY=main
time=2026-03-11T12:12:32.251+03:00 level=INFO msg="Synced JSONL from sync branch to main repo"
time=2026-03-11T12:12:32.251+03:00 level=INFO msg="File change detected: %s" !BADKEY=/home/sorcerer/Projects/edu-operations-research-practice/.beads/issues.jsonl
time=2026-03-11T12:12:32.259+03:00 level=INFO msg="Imported from JSONL"
time=2026-03-11T12:12:32.262+03:00 level=INFO msg="Auto-import complete"
time=2026-03-11T12:12:33.252+03:00 level=INFO msg="Import triggered by file change"
time=2026-03-11T12:12:33.253+03:00 level=INFO msg="Starting %s..." !BADKEY=auto-import
time=2026-03-11T12:12:33.253+03:00 level=INFO msg="JSONL content changed, proceeding with %s..." !BADKEY=auto-import
time=2026-03-11T12:12:33.255+03:00 level=INFO msg="⚠️  WARNING: Uncommitted local changes detected in %s" !BADKEY=/home/sorcerer/Projects/edu-operations-research-practice/.beads/issues.jsonl
time=2026-03-11T12:12:33.255+03:00 level=INFO msg="   Pulling from remote may overwrite local unpushed changes."
time=2026-03-11T12:12:33.255+03:00 level=INFO msg="   Consider running 'bd sync' to commit and push your changes first."
time=2026-03-11T12:12:34.043+03:00 level=INFO msg="Pulled sync branch %s" !BADKEY=main
time=2026-03-11T12:12:34.043+03:00 level=INFO msg="File change detected: %s" !BADKEY=/home/sorcerer/Projects/edu-operations-research-practice/.beads/issues.jsonl
time=2026-03-11T12:12:34.043+03:00 level=INFO msg="Synced JSONL from sync branch to main repo"
time=2026-03-11T12:12:34.046+03:00 level=INFO msg="Imported from JSONL"
time=2026-03-11T12:12:34.047+03:00 level=INFO msg="Auto-import complete"
time=2026-03-11T12:12:35.045+03:00 level=INFO msg="Import triggered by file change"
time=2026-03-11T12:12:35.045+03:00 level=INFO msg="Starting %s..." !BADKEY=auto-import
time=2026-03-11T12:12:35.045+03:00 level=INFO msg="JSONL content changed, proceeding with %s..." !BADKEY=auto-import
time=2026-03-11T12:12:35.047+03:00 level=INFO msg="⚠️  WARNING: Uncommitted local changes detected in %s" !BADKEY=/home/sorcerer/Projects/edu-operations-research-practice/.beads/issues.jsonl
time=2026-03-11T12:12:35.047+03:00 level=INFO msg="   Pulling from remote may overwrite local unpushed changes."
time=2026-03-11T12:12:35.047+03:00 level=INFO msg="   Consider running 'bd sync' to commit and push your changes first."
time=2026-03-11T12:12:35.796+03:00 level=INFO msg="Pulled sync branch %s" !BADKEY=main
time=2026-03-11T12:12:35.796+03:00 level=INFO msg="Synced JSONL from sync branch to main repo"
time=2026-03-11T12:12:35.796+03:00 level=INFO msg="File change detected: %s" !BADKEY=/home/sorcerer/Projects/edu-operations-research-practice/.beads/issues.jsonl
time=2026-03-11T12:12:35.799+03:00 level=INFO msg="Imported from JSONL"
time=2026-03-11T12:12:35.799+03:00 level=INFO msg="Auto-import complete"
time=2026-03-11T12:12:36.798+03:00 level=INFO msg="Import triggered by file change"
time=2026-03-11T12:12:36.798+03:00 level=INFO msg="Starting %s..." !BADKEY=auto-import
time=2026-03-11T12:12:36.798+03:00 level=INFO msg="JSONL content changed, proceeding with %s..." !BADKEY=auto-import
time=2026-03-11T12:12:36.800+03:00 level=INFO msg="⚠️  WARNING: Uncommitted local changes detected in %s" !BADKEY=/home/sorcerer/Projects/edu-operations-research-practice/.beads/issues.jsonl
time=2026-03-11T12:12:36.800+03:00 level=INFO msg="   Pulling from remote may overwrite local unpushed changes."
time=2026-03-11T12:12:36.800+03:00 level=INFO msg="   Consider running 'bd sync' to commit and push your changes first."
time=2026-03-11T12:12:37.536+03:00 level=INFO msg="Pulled sync branch %s" !BADKEY=main
time=2026-03-11T12:12:37.536+03:00 level=INFO msg="Synced JSONL from sync branch to main repo"
time=2026-03-11T12:12:37.536+03:00 level=INFO msg="File change detected: %s" !BADKEY=/home/sorcerer/Projects/edu-operations-research-practice/.beads/issues.jsonl
time=2026-03-11T12:12:37.539+03:00 level=INFO msg="Imported from JSONL"
time=2026-03-11T12:12:37.539+03:00 level=INFO msg="Auto-import complete"
time=2026-03-11T12:12:38.538+03:00 level=INFO msg="Import triggered by file change"
time=2026-03-11T12:12:38.538+03:00 level=INFO msg="Starting %s..." !BADKEY=auto-import
time=2026-03-11T12:12:38.538+03:00 level=INFO msg="JSONL content changed, proceeding with %s..." !BADKEY=auto-import
time=2026-03-11T12:12:38.540+03:00 level=INFO msg="⚠️  WARNING: Uncommitted local changes detected in %s" !BADKEY=/home/sorcerer/Projects/edu-operations-research-practice/.beads/issues.jsonl
time=2026-03-11T12:12:38.541+03:00 level=INFO msg="   Pulling from remote may overwrite local unpushed changes."
time=2026-03-11T12:12:38.541+03:00 level=INFO msg="   Consider running 'bd sync' to commit and push your changes first."
time=2026-03-11T12:12:39.405+03:00 level=INFO msg="Pulled sync branch %s" !BADKEY=main
time=2026-03-11T12:12:39.405+03:00 level=INFO msg="Synced JSONL from sync branch to main repo"
time=2026-03-11T12:12:39.405+03:00 level=INFO msg="File change detected: %s" !BADKEY=/home/sorcerer/Projects/edu-operations-research-practice/.beads/issues.jsonl
time=2026-03-11T12:12:39.408+03:00 level=INFO msg="Imported from JSONL"
time=2026-03-11T12:12:39.408+03:00 level=INFO msg="Auto-import complete"
time=2026-03-11T12:12:40.406+03:00 level=INFO msg="Import triggered by file change"
time=2026-03-11T12:12:40.407+03:00 level=INFO msg="Starting %s..." !BADKEY=auto-import
time=2026-03-11T12:12:40.407+03:00 level=INFO msg="JSONL content changed, proceeding with %s..." !BADKEY=auto-import
time=2026-03-11T12:12:40.409+03:00 level=INFO msg="⚠️  WARNING: Uncommitted local changes detected in %s" !BADKEY=/home/sorcerer/Projects/edu-operations-research-practice/.beads/issues.jsonl
time=2026-03-11T12:12:40.410+03:00 level=INFO msg="   Pulling from remote may overwrite local unpushed changes."
time=2026-03-11T12:12:40.410+03:00 level=INFO msg="   Consider running 'bd sync' to commit and push your changes first."
time=2026-03-11T12:12:41.125+03:00 level=INFO msg="Pulled sync branch %s" !BADKEY=main
time=2026-03-11T12:12:41.125+03:00 level=INFO msg="File change detected: %s" !BADKEY=/home/sorcerer/Projects/edu-operations-research-practice/.beads/issues.jsonl
time=2026-03-11T12:12:41.125+03:00 level=INFO msg="Synced JSONL from sync branch to main repo"
time=2026-03-11T12:12:41.127+03:00 level=INFO msg="Imported from JSONL"
time=2026-03-11T12:12:41.128+03:00 level=INFO msg="Auto-import complete"
time=2026-03-11T12:12:42.127+03:00 level=INFO msg="Import triggered by file change"
time=2026-03-11T12:12:42.127+03:00 level=INFO msg="Starting %s..." !BADKEY=auto-import
time=2026-03-11T12:12:42.128+03:00 level=INFO msg="JSONL content changed, proceeding with %s..." !BADKEY=auto-import
time=2026-03-11T12:12:42.129+03:00 level=INFO msg="⚠️  WARNING: Uncommitted local changes detected in %s" !BADKEY=/home/sorcerer/Projects/edu-operations-research-practice/.beads/issues.jsonl
time=2026-03-11T12:12:42.129+03:00 level=INFO msg="   Pulling from remote may overwrite local unpushed changes."
time=2026-03-11T12:12:42.129+03:00 level=INFO msg="   Consider running 'bd sync' to commit and push your changes first."
time=2026-03-11T12:12:42.967+03:00 level=INFO msg="Pulled sync branch %s" !BADKEY=main
time=2026-03-11T12:12:42.967+03:00 level=INFO msg="Synced JSONL from sync branch to main repo"
time=2026-03-11T12:12:42.967+03:00 level=INFO msg="File change detected: %s" !BADKEY=/home/sorcerer/Projects/edu-operations-research-practice/.beads/issues.jsonl
time=2026-03-11T12:12:42.970+03:00 level=INFO msg="Imported from JSONL"
time=2026-03-11T12:12:42.971+03:00 level=INFO msg="Auto-import complete"
time=2026-03-11T12:12:43.968+03:00 level=INFO msg="Import triggered by file change"
time=2026-03-11T12:12:43.969+03:00 level=INFO msg="Starting %s..." !BADKEY=auto-import
time=2026-03-11T12:12:43.969+03:00 level=INFO msg="JSONL content changed, proceeding with %s..." !BADKEY=auto-import
time=2026-03-11T12:12:43.971+03:00 level=INFO msg="⚠️  WARNING: Uncommitted local changes detected in %s" !BADKEY=/home/sorcerer/Projects/edu-operations-research-practice/.beads/issues.jsonl
time=2026-03-11T12:12:43.971+03:00 level=INFO msg="   Pulling from remote may overwrite local unpushed changes."
time=2026-03-11T12:12:43.971+03:00 level=INFO msg="   Consider running 'bd sync' to commit and push your changes first."
time=2026-03-11T12:12:44.698+03:00 level=INFO msg="Pulled sync branch %s" !BADKEY=main
time=2026-03-11T12:12:44.698+03:00 level=INFO msg="Synced JSONL from sync branch to main repo"
time=2026-03-11T12:12:44.698+03:00 level=INFO msg="File change detected: %s" !BADKEY=/home/sorcerer/Projects/edu-operations-research-practice/.beads/issues.jsonl
time=2026-03-11T12:12:44.700+03:00 level=INFO msg="Imported from JSONL"
time=2026-03-11T12:12:44.701+03:00 level=INFO msg="Auto-import complete"
time=2026-03-11T12:12:45.699+03:00 level=INFO msg="Import triggered by file change"
time=2026-03-11T12:12:45.699+03:00 level=INFO msg="Starting %s..." !BADKEY=auto-import
time=2026-03-11T12:12:45.699+03:00 level=INFO msg="JSONL content changed, proceeding with %s..." !BADKEY=auto-import
time=2026-03-11T12:12:45.701+03:00 level=INFO msg="⚠️  WARNING: Uncommitted local changes detected in %s" !BADKEY=/home/sorcerer/Projects/edu-operations-research-practice/.beads/issues.jsonl
time=2026-03-11T12:12:45.701+03:00 level=INFO msg="   Pulling from remote may overwrite local unpushed changes."
time=2026-03-11T12:12:45.701+03:00 level=INFO msg="   Consider running 'bd sync' to commit and push your changes first."
time=2026-03-11T12:12:46.463+03:00 level=INFO msg="Pulled sync branch %s" !BADKEY=main
time=2026-03-11T12:12:46.463+03:00 level=INFO msg="File change detected: %s" !BADKEY=/home/sorcerer/Projects/edu-operations-research-practice/.beads/issues.jsonl
time=2026-03-11T12:12:46.463+03:00 level=INFO msg="Synced JSONL from sync branch to main repo"
time=2026-03-11T12:12:46.466+03:00 level=INFO msg="Imported from JSONL"
time=2026-03-11T12:12:46.466+03:00 level=INFO msg="Auto-import complete"
time=2026-03-11T12:12:47.465+03:00 level=INFO msg="Import triggered by file change"
time=2026-03-11T12:12:47.465+03:00 level=INFO msg="Starting %s..." !BADKEY=auto-import
time=2026-03-11T12:12:47.466+03:00 level=INFO msg="JSONL content changed, proceeding with %s..." !BADKEY=auto-import
time=2026-03-11T12:12:47.467+03:00 level=INFO msg="⚠️  WARNING: Uncommitted local changes detected in %s" !BADKEY=/home/sorcerer/Projects/edu-operations-research-practice/.beads/issues.jsonl
time=2026-03-11T12:12:47.467+03:00 level=INFO msg="   Pulling from remote may overwrite local unpushed changes."
time=2026-03-11T12:12:47.467+03:00 level=INFO msg="   Consider running 'bd sync' to commit and push your changes first."
time=2026-03-11T12:12:48.170+03:00 level=INFO msg="Pulled sync branch %s" !BADKEY=main
time=2026-03-11T12:12:48.170+03:00 level=INFO msg="Synced JSONL from sync branch to main repo"
time=2026-03-11T12:12:48.170+03:00 level=INFO msg="File change detected: %s" !BADKEY=/home/sorcerer/Projects/edu-operations-research-practice/.beads/issues.jsonl
time=2026-03-11T12:12:48.172+03:00 level=INFO msg="Imported from JSONL"
time=2026-03-11T12:12:48.172+03:00 level=INFO msg="Auto-import complete"
time=2026-03-11T12:12:49.171+03:00 level=INFO msg="Import triggered by file change"
time=2026-03-11T12:12:49.171+03:00 level=INFO msg="Starting %s..." !BADKEY=auto-import
time=2026-03-11T12:12:49.172+03:00 level=INFO msg="JSONL content changed, proceeding with %s..." !BADKEY=auto-import
time=2026-03-11T12:12:49.174+03:00 level=INFO msg="⚠️  WARNING: Uncommitted local changes detected in %s" !BADKEY=/home/sorcerer/Projects/edu-operations-research-practice/.beads/issues.jsonl
time=2026-03-11T12:12:49.174+03:00 level=INFO msg="   Pulling from remote may overwrite local unpushed changes."
time=2026-03-11T12:12:49.174+03:00 level=INFO msg="   Consider running 'bd sync' to commit and push your changes first."
time=2026-03-11T12:12:50.026+03:00 level=INFO msg="Pulled sync branch %s" !BADKEY=main
time=2026-03-11T12:12:50.026+03:00 level=INFO msg="File change detected: %s" !BADKEY=/home/sorcerer/Projects/edu-operations-research-practice/.beads/issues.jsonl
time=2026-03-11T12:12:50.026+03:00 level=INFO msg="Synced JSONL from sync branch to main repo"
time=2026-03-11T12:12:50.029+03:00 level=INFO msg="Imported from JSONL"
time=2026-03-11T12:12:50.029+03:00 level=INFO msg="Auto-import complete"
time=2026-03-11T12:12:51.027+03:00 level=INFO msg="Import triggered by file change"
time=2026-03-11T12:12:51.027+03:00 level=INFO msg="Starting %s..." !BADKEY=auto-import
time=2026-03-11T12:12:51.028+03:00 level=INFO msg="JSONL content changed, proceeding with %s..." !BADKEY=auto-import
time=2026-03-11T12:12:51.030+03:00 level=INFO msg="⚠️  WARNING: Uncommitted local changes detected in %s" !BADKEY=/home/sorcerer/Projects/edu-operations-research-practice/.beads/issues.jsonl
time=2026-03-11T12:12:51.030+03:00 level=INFO msg="   Pulling from remote may overwrite local unpushed changes."
time=2026-03-11T12:12:51.030+03:00 level=INFO msg="   Consider running 'bd sync' to commit and push your changes first."
time=2026-03-11T12:12:51.775+03:00 level=INFO msg="Pulled sync branch %s" !BADKEY=main
time=2026-03-11T12:12:51.775+03:00 level=INFO msg="Synced JSONL from sync branch to main repo"
time=2026-03-11T12:12:51.775+03:00 level=INFO msg="File change detected: %s" !BADKEY=/home/sorcerer/Projects/edu-operations-research-practice/.beads/issues.jsonl
time=2026-03-11T12:12:51.777+03:00 level=INFO msg="Imported from JSONL"
time=2026-03-11T12:12:51.778+03:00 level=INFO msg="Auto-import complete"
time=2026-03-11T12:12:52.776+03:00 level=INFO msg="Import triggered by file change"
time=2026-03-11T12:12:52.776+03:00 level=INFO msg="Starting %s..." !BADKEY=auto-import
time=2026-03-11T12:12:52.776+03:00 level=INFO msg="JSONL content changed, proceeding with %s..." !BADKEY=auto-import
time=2026-03-11T12:12:52.778+03:00 level=INFO msg="⚠️  WARNING: Uncommitted local changes detected in %s" !BADKEY=/home/sorcerer/Projects/edu-operations-research-practice/.beads/issues.jsonl
time=2026-03-11T12:12:52.778+03:00 level=INFO msg="   Pulling from remote may overwrite local unpushed changes."
time=2026-03-11T12:12:52.778+03:00 level=INFO msg="   Consider running 'bd sync' to commit and push your changes first."
time=2026-03-11T12:12:53.526+03:00 level=INFO msg="Pulled sync branch %s" !BADKEY=main
time=2026-03-11T12:12:53.527+03:00 level=INFO msg="Synced JSONL from sync branch to main repo"
time=2026-03-11T12:12:53.527+03:00 level=INFO msg="File change detected: %s" !BADKEY=/home/sorcerer/Projects/edu-operations-research-practice/.beads/issues.jsonl
time=2026-03-11T12:12:53.530+03:00 level=INFO msg="Imported from JSONL"
time=2026-03-11T12:12:53.530+03:00 level=INFO msg="Auto-import complete"
time=2026-03-11T12:12:54.528+03:00 level=INFO msg="Import triggered by file change"
time=2026-03-11T12:12:54.528+03:00 level=INFO msg="Starting %s..." !BADKEY=auto-import
time=2026-03-11T12:12:54.528+03:00 level=INFO msg="JSONL content changed, proceeding with %s..." !BADKEY=auto-import
time=2026-03-11T12:12:54.530+03:00 level=INFO msg="⚠️  WARNING: Uncommitted local changes detected in %s" !BADKEY=/home/sorcerer/Projects/edu-operations-research-practice/.beads/issues.jsonl
time=2026-03-11T12:12:54.530+03:00 level=INFO msg="   Pulling from remote may overwrite local unpushed changes."
time=2026-03-11T12:12:54.530+03:00 level=INFO msg="   Consider running 'bd sync' to commit and push your changes first."
time=2026-03-11T12:12:55.470+03:00 level=INFO msg="Pulled sync branch %s" !BADKEY=main
time=2026-03-11T12:12:55.470+03:00 level=INFO msg="File change detected: %s" !BADKEY=/home/sorcerer/Projects/edu-operations-research-practice/.beads/issues.jsonl
time=2026-03-11T12:12:55.470+03:00 level=INFO msg="Synced JSONL from sync branch to main repo"
time=2026-03-11T12:12:55.473+03:00 level=INFO msg="Imported from JSONL"
time=2026-03-11T12:12:55.473+03:00 level=INFO msg="Auto-import complete"
time=2026-03-11T12:12:56.471+03:00 level=INFO msg="Import triggered by file change"
time=2026-03-11T12:12:56.472+03:00 level=INFO msg="Starting %s..." !BADKEY=auto-import
time=2026-03-11T12:12:56.472+03:00 level=INFO msg="JSONL content changed, proceeding with %s..." !BADKEY=auto-import
time=2026-03-11T12:12:56.474+03:00 level=INFO msg="⚠️  WARNING: Uncommitted local changes detected in %s" !BADKEY=/home/sorcerer/Projects/edu-operations-research-practice/.beads/issues.jsonl
time=2026-03-11T12:12:56.474+03:00 level=INFO msg="   Pulling from remote may overwrite local unpushed changes."
time=2026-03-11T12:12:56.474+03:00 level=INFO msg="   Consider running 'bd sync' to commit and push your changes first."
time=2026-03-11T12:12:57.400+03:00 level=INFO msg="Pulled sync branch %s" !BADKEY=main
time=2026-03-11T12:12:57.400+03:00 level=INFO msg="File change detected: %s" !BADKEY=/home/sorcerer/Projects/edu-operations-research-practice/.beads/issues.jsonl
time=2026-03-11T12:12:57.400+03:00 level=INFO msg="Synced JSONL from sync branch to main repo"
time=2026-03-11T12:12:57.403+03:00 level=INFO msg="Imported from JSONL"
time=2026-03-11T12:12:57.404+03:00 level=INFO msg="Auto-import complete"
time=2026-03-11T12:12:58.402+03:00 level=INFO msg="Import triggered by file change"
time=2026-03-11T12:12:58.402+03:00 level=INFO msg="Starting %s..." !BADKEY=auto-import
time=2026-03-11T12:12:58.402+03:00 level=INFO msg="JSONL content changed, proceeding with %s..." !BADKEY=auto-import
time=2026-03-11T12:12:58.405+03:00 level=INFO msg="⚠️  WARNING: Uncommitted local changes detected in %s" !BADKEY=/home/sorcerer/Projects/edu-operations-research-practice/.beads/issues.jsonl
time=2026-03-11T12:12:58.405+03:00 level=INFO msg="   Pulling from remote may overwrite local unpushed changes."
time=2026-03-11T12:12:58.405+03:00 level=INFO msg="   Consider running 'bd sync' to commit and push your changes first."
time=2026-03-11T12:12:59.422+03:00 level=INFO msg="Pulled sync branch %s" !BADKEY=main
time=2026-03-11T12:12:59.422+03:00 level=INFO msg="Synced JSONL from sync branch to main repo"
time=2026-03-11T12:12:59.422+03:00 level=INFO msg="File change detected: %s" !BADKEY=/home/sorcerer/Projects/edu-operations-research-practice/.beads/issues.jsonl
time=2026-03-11T12:12:59.424+03:00 level=INFO msg="Imported from JSONL"
time=2026-03-11T12:12:59.425+03:00 level=INFO msg="Auto-import complete"
time=2026-03-11T12:13:00.423+03:00 level=INFO msg="Import triggered by file change"
time=2026-03-11T12:13:00.424+03:00 level=INFO msg="Starting %s..." !BADKEY=auto-import
time=2026-03-11T12:13:00.424+03:00 level=INFO msg="JSONL content changed, proceeding with %s..." !BADKEY=auto-import
time=2026-03-11T12:13:00.426+03:00 level=INFO msg="⚠️  WARNING: Uncommitted local changes detected in %s" !BADKEY=/home/sorcerer/Projects/edu-operations-research-practice/.beads/issues.jsonl
time=2026-03-11T12:13:00.426+03:00 level=INFO msg="   Pulling from remote may overwrite local unpushed changes."
time=2026-03-11T12:13:00.426+03:00 level=INFO msg="   Consider running 'bd sync' to commit and push your changes first."
time=2026-03-11T12:13:01.317+03:00 level=INFO msg="Pulled sync branch %s" !BADKEY=main
time=2026-03-11T12:13:01.318+03:00 level=INFO msg="Synced JSONL from sync branch to main repo"
time=2026-03-11T12:13:01.318+03:00 level=INFO msg="File change detected: %s" !BADKEY=/home/sorcerer/Projects/edu-operations-research-practice/.beads/issues.jsonl
time=2026-03-11T12:13:01.321+03:00 level=INFO msg="Imported from JSONL"
time=2026-03-11T12:13:01.322+03:00 level=INFO msg="Auto-import complete"
time=2026-03-11T12:13:02.319+03:00 level=INFO msg="Import triggered by file change"
time=2026-03-11T12:13:02.319+03:00 level=INFO msg="Starting %s..." !BADKEY=auto-import
time=2026-03-11T12:13:02.319+03:00 level=INFO msg="JSONL content changed, proceeding with %s..." !BADKEY=auto-import
time=2026-03-11T12:13:02.322+03:00 level=INFO msg="⚠️  WARNING: Uncommitted local changes detected in %s" !BADKEY=/home/sorcerer/Projects/edu-operations-research-practice/.beads/issues.jsonl
time=2026-03-11T12:13:02.322+03:00 level=INFO msg="   Pulling from remote may overwrite local unpushed changes."
time=2026-03-11T12:13:02.322+03:00 level=INFO msg="   Consider running 'bd sync' to commit and push your changes first."
time=2026-03-11T12:13:03.107+03:00 level=INFO msg="Pulled sync branch %s" !BADKEY=main
time=2026-03-11T12:13:03.107+03:00 level=INFO msg="Synced JSONL from sync branch to main repo"
time=2026-03-11T12:13:03.107+03:00 level=INFO msg="File change detected: %s" !BADKEY=/home/sorcerer/Projects/edu-operations-research-practice/.beads/issues.jsonl
time=2026-03-11T12:13:03.110+03:00 level=INFO msg="Imported from JSONL"
time=2026-03-11T12:13:03.111+03:00 level=INFO msg="Auto-import complete"
time=2026-03-11T12:13:04.110+03:00 level=INFO msg="Import triggered by file change"
time=2026-03-11T12:13:04.110+03:00 level=INFO msg="Starting %s..." !BADKEY=auto-import
time=2026-03-11T12:13:04.111+03:00 level=INFO msg="JSONL content changed, proceeding with %s..." !BADKEY=auto-import
time=2026-03-11T12:13:04.115+03:00 level=INFO msg="⚠️  WARNING: Uncommitted local changes detected in %s" !BADKEY=/home/sorcerer/Projects/edu-operations-research-practice/.beads/issues.jsonl
time=2026-03-11T12:13:04.115+03:00 level=INFO msg="   Pulling from remote may overwrite local unpushed changes."
time=2026-03-11T12:13:04.115+03:00 level=INFO msg="   Consider running 'bd sync' to commit and push your changes first."
time=2026-03-11T12:13:04.946+03:00 level=INFO msg="Pulled sync branch %s" !BADKEY=main
time=2026-03-11T12:13:04.947+03:00 level=INFO msg="File change detected: %s" !BADKEY=/home/sorcerer/Projects/edu-operations-research-practice/.beads/issues.jsonl
time=2026-03-11T12:13:04.947+03:00 level=INFO msg="Synced JSONL from sync branch to main repo"
time=2026-03-11T12:13:04.948+03:00 level=INFO msg="Imported from JSONL"
time=2026-03-11T12:13:04.949+03:00 level=INFO msg="Auto-import complete"
time=2026-03-11T12:13:05.948+03:00 level=INFO msg="Import triggered by file change"
time=2026-03-11T12:13:05.948+03:00 level=INFO msg="Starting %s..." !BADKEY=auto-import
time=2026-03-11T12:13:05.949+03:00 level=INFO msg="JSONL content changed, proceeding with %s..." !BADKEY=auto-import
time=2026-03-11T12:13:05.953+03:00 level=INFO msg="⚠️  WARNING: Uncommitted local changes detected in %s" !BADKEY=/home/sorcerer/Projects/edu-operations-research-practice/.beads/issues.jsonl
time=2026-03-11T12:13:05.953+03:00 level=INFO msg="   Pulling from remote may overwrite local unpushed changes."
time=2026-03-11T12:13:05.953+03:00 level=INFO msg="   Consider running 'bd sync' to commit and push your changes first."
time=2026-03-11T12:13:06.716+03:00 level=INFO msg="Pulled sync branch %s" !BADKEY=main
time=2026-03-11T12:13:06.716+03:00 level=INFO msg="Synced JSONL from sync branch to main repo"
time=2026-03-11T12:13:06.717+03:00 level=INFO msg="File change detected: %s" !BADKEY=/home/sorcerer/Projects/edu-operations-research-practice/.beads/issues.jsonl
time=2026-03-11T12:13:06.718+03:00 level=INFO msg="Imported from JSONL"
time=2026-03-11T12:13:06.719+03:00 level=INFO msg="Auto-import complete"
time=2026-03-11T12:13:07.718+03:00 level=INFO msg="Import triggered by file change"
time=2026-03-11T12:13:07.718+03:00 level=INFO msg="Starting %s..." !BADKEY=auto-import
time=2026-03-11T12:13:07.718+03:00 level=INFO msg="JSONL content changed, proceeding with %s..." !BADKEY=auto-import
time=2026-03-11T12:13:07.720+03:00 level=INFO msg="⚠️  WARNING: Uncommitted local changes detected in %s" !BADKEY=/home/sorcerer/Projects/edu-operations-research-practice/.beads/issues.jsonl
time=2026-03-11T12:13:07.720+03:00 level=INFO msg="   Pulling from remote may overwrite local unpushed changes."
time=2026-03-11T12:13:07.720+03:00 level=INFO msg="   Consider running 'bd sync' to commit and push your changes first."
time=2026-03-11T12:13:08.492+03:00 level=INFO msg="Pulled sync branch %s" !BADKEY=main
time=2026-03-11T12:13:08.492+03:00 level=INFO msg="Synced JSONL from sync branch to main repo"
time=2026-03-11T12:13:08.492+03:00 level=INFO msg="File change detected: %s" !BADKEY=/home/sorcerer/Projects/edu-operations-research-practice/.beads/issues.jsonl
time=2026-03-11T12:13:08.495+03:00 level=INFO msg="Imported from JSONL"
time=2026-03-11T12:13:08.496+03:00 level=INFO msg="Auto-import complete"
time=2026-03-11T12:13:09.494+03:00 level=INFO msg="Import triggered by file change"
time=2026-03-11T12:13:09.494+03:00 level=INFO msg="Starting %s..." !BADKEY=auto-import
time=2026-03-11T12:13:09.495+03:00 level=INFO msg="JSONL content changed, proceeding with %s..." !BADKEY=auto-import
time=2026-03-11T12:13:09.499+03:00 level=INFO msg="⚠️  WARNING: Uncommitted local changes detected in %s" !BADKEY=/home/sorcerer/Projects/edu-operations-research-practice/.beads/issues.jsonl
time=2026-03-11T12:13:09.499+03:00 level=INFO msg="   Pulling from remote may overwrite local unpushed changes."
time=2026-03-11T12:13:09.499+03:00 level=INFO msg="   Consider running 'bd sync' to commit and push your changes first."
time=2026-03-11T12:13:10.401+03:00 level=INFO msg="Pulled sync branch %s" !BADKEY=main
time=2026-03-11T12:13:10.402+03:00 level=INFO msg="Synced JSONL from sync branch to main repo"
time=2026-03-11T12:13:10.402+03:00 level=INFO msg="File change detected: %s" !BADKEY=/home/sorcerer/Projects/edu-operations-research-practice/.beads/issues.jsonl
time=2026-03-11T12:13:10.404+03:00 level=INFO msg="Imported from JSONL"
time=2026-03-11T12:13:10.405+03:00 level=INFO msg="Auto-import complete"
time=2026-03-11T12:13:11.403+03:00 level=INFO msg="Import triggered by file change"
time=2026-03-11T12:13:11.403+03:00 level=INFO msg="Starting %s..." !BADKEY=auto-import
time=2026-03-11T12:13:11.404+03:00 level=INFO msg="JSONL content changed, proceeding with %s..." !BADKEY=auto-import
time=2026-03-11T12:13:11.409+03:00 level=INFO msg="⚠️  WARNING: Uncommitted local changes detected in %s" !BADKEY=/home/sorcerer/Projects/edu-operations-research-practice/.beads/issues.jsonl
time=2026-03-11T12:13:11.409+03:00 level=INFO msg="   Pulling from remote may overwrite local unpushed changes."
time=2026-03-11T12:13:11.409+03:00 level=INFO msg="   Consider running 'bd sync' to commit and push your changes first."
time=2026-03-11T12:13:12.158+03:00 level=INFO msg="Pulled sync branch %s" !BADKEY=main
time=2026-03-11T12:13:12.158+03:00 level=INFO msg="File change detected: %s" !BADKEY=/home/sorcerer/Projects/edu-operations-research-practice/.beads/issues.jsonl
time=2026-03-11T12:13:12.158+03:00 level=INFO msg="Synced JSONL from sync branch to main repo"
time=2026-03-11T12:13:12.160+03:00 level=INFO msg="Imported from JSONL"
time=2026-03-11T12:13:12.160+03:00 level=INFO msg="Auto-import complete"
time=2026-03-11T12:13:13.160+03:00 level=INFO msg="Import triggered by file change"
time=2026-03-11T12:13:13.160+03:00 level=INFO msg="Starting %s..." !BADKEY=auto-import
time=2026-03-11T12:13:13.160+03:00 level=INFO msg="JSONL content changed, proceeding with %s..." !BADKEY=auto-import
time=2026-03-11T12:13:13.162+03:00 level=INFO msg="⚠️  WARNING: Uncommitted local changes detected in %s" !BADKEY=/home/sorcerer/Projects/edu-operations-research-practice/.beads/issues.jsonl
time=2026-03-11T12:13:13.162+03:00 level=INFO msg="   Pulling from remote may overwrite local unpushed changes."
time=2026-03-11T12:13:13.162+03:00 level=INFO msg="   Consider running 'bd sync' to commit and push your changes first."
time=2026-03-11T12:13:14.053+03:00 level=INFO msg="Pulled sync branch %s" !BADKEY=main
time=2026-03-11T12:13:14.053+03:00 level=INFO msg="File change detected: %s" !BADKEY=/home/sorcerer/Projects/edu-operations-research-practice/.beads/issues.jsonl
time=2026-03-11T12:13:14.053+03:00 level=INFO msg="Synced JSONL from sync branch to main repo"
time=2026-03-11T12:13:14.056+03:00 level=INFO msg="Imported from JSONL"
time=2026-03-11T12:13:14.056+03:00 level=INFO msg="Auto-import complete"
time=2026-03-11T12:13:15.055+03:00 level=INFO msg="Import triggered by file change"
time=2026-03-11T12:13:15.056+03:00 level=INFO msg="Starting %s..." !BADKEY=auto-import
time=2026-03-11T12:13:15.056+03:00 level=INFO msg="JSONL content changed, proceeding with %s..." !BADKEY=auto-import
time=2026-03-11T12:13:15.060+03:00 level=INFO msg="⚠️  WARNING: Uncommitted local changes detected in %s" !BADKEY=/home/sorcerer/Projects/edu-operations-research-practice/.beads/issues.jsonl
time=2026-03-11T12:13:15.061+03:00 level=INFO msg="   Pulling from remote may overwrite local unpushed changes."
time=2026-03-11T12:13:15.061+03:00 level=INFO msg="   Consider running 'bd sync' to commit and push your changes first."
time=2026-03-11T12:13:15.794+03:00 level=INFO msg="Pulled sync branch %s" !BADKEY=main
time=2026-03-11T12:13:15.794+03:00 level=INFO msg="File change detected: %s" !BADKEY=/home/sorcerer/Projects/edu-operations-research-practice/.beads/issues.jsonl
time=2026-03-11T12:13:15.794+03:00 level=INFO msg="Synced JSONL from sync branch to main repo"
time=2026-03-11T12:13:15.796+03:00 level=INFO msg="Imported from JSONL"
time=2026-03-11T12:13:15.796+03:00 level=INFO msg="Auto-import complete"
time=2026-03-11T12:13:16.796+03:00 level=INFO msg="Import triggered by file change"
time=2026-03-11T12:13:16.796+03:00 level=INFO msg="Starting %s..." !BADKEY=auto-import
time=2026-03-11T12:13:16.796+03:00 level=INFO msg="JSONL content changed, proceeding with %s..." !BADKEY=auto-import
time=2026-03-11T12:13:16.798+03:00 level=INFO msg="⚠️  WARNING: Uncommitted local changes detected in %s" !BADKEY=/home/sorcerer/Projects/edu-operations-research-practice/.beads/issues.jsonl
time=2026-03-11T12:13:16.798+03:00 level=INFO msg="   Pulling from remote may overwrite local unpushed changes."
time=2026-03-11T12:13:16.798+03:00 level=INFO msg="   Consider running 'bd sync' to commit and push your changes first."
time=2026-03-11T12:13:17.534+03:00 level=INFO msg="Pulled sync branch %s" !BADKEY=main
time=2026-03-11T12:13:17.535+03:00 level=INFO msg="Synced JSONL from sync branch to main repo"
time=2026-03-11T12:13:17.535+03:00 level=INFO msg="File change detected: %s" !BADKEY=/home/sorcerer/Projects/edu-operations-research-practice/.beads/issues.jsonl
time=2026-03-11T12:13:17.540+03:00 level=INFO msg="Imported from JSONL"
time=2026-03-11T12:13:17.541+03:00 level=INFO msg="Auto-import complete"
time=2026-03-11T12:13:18.537+03:00 level=INFO msg="Import triggered by file change"
time=2026-03-11T12:13:18.537+03:00 level=INFO msg="Starting %s..." !BADKEY=auto-import
time=2026-03-11T12:13:18.537+03:00 level=INFO msg="JSONL content changed, proceeding with %s..." !BADKEY=auto-import
time=2026-03-11T12:13:18.539+03:00 level=INFO msg="⚠️  WARNING: Uncommitted local changes detected in %s" !BADKEY=/home/sorcerer/Projects/edu-operations-research-practice/.beads/issues.jsonl
time=2026-03-11T12:13:18.539+03:00 level=INFO msg="   Pulling from remote may overwrite local unpushed changes."
time=2026-03-11T12:13:18.539+03:00 level=INFO msg="   Consider running 'bd sync' to commit and push your changes first."
time=2026-03-11T12:13:19.286+03:00 level=INFO msg="Pulled sync branch %s" !BADKEY=main
time=2026-03-11T12:13:19.286+03:00 level=INFO msg="Synced JSONL from sync branch to main repo"
time=2026-03-11T12:13:19.286+03:00 level=INFO msg="File change detected: %s" !BADKEY=/home/sorcerer/Projects/edu-operations-research-practice/.beads/issues.jsonl
time=2026-03-11T12:13:19.289+03:00 level=INFO msg="Imported from JSONL"
time=2026-03-11T12:13:19.290+03:00 level=INFO msg="Auto-import complete"
time=2026-03-11T12:13:20.287+03:00 level=INFO msg="Import triggered by file change"
time=2026-03-11T12:13:20.287+03:00 level=INFO msg="Starting %s..." !BADKEY=auto-import
time=2026-03-11T12:13:20.287+03:00 level=INFO msg="JSONL content changed, proceeding with %s..." !BADKEY=auto-import
time=2026-03-11T12:13:20.290+03:00 level=INFO msg="⚠️  WARNING: Uncommitted local changes detected in %s" !BADKEY=/home/sorcerer/Projects/edu-operations-research-practice/.beads/issues.jsonl
time=2026-03-11T12:13:20.290+03:00 level=INFO msg="   Pulling from remote may overwrite local unpushed changes."
time=2026-03-11T12:13:20.290+03:00 level=INFO msg="   Consider running 'bd sync' to commit and push your changes first."
time=2026-03-11T12:13:21.218+03:00 level=INFO msg="Pulled sync branch %s" !BADKEY=main
time=2026-03-11T12:13:21.218+03:00 level=INFO msg="Synced JSONL from sync branch to main repo"
time=2026-03-11T12:13:21.218+03:00 level=INFO msg="File change detected: %s" !BADKEY=/home/sorcerer/Projects/edu-operations-research-practice/.beads/issues.jsonl
time=2026-03-11T12:13:21.222+03:00 level=INFO msg="Imported from JSONL"
time=2026-03-11T12:13:21.223+03:00 level=INFO msg="Auto-import complete"
time=2026-03-11T12:13:22.219+03:00 level=INFO msg="Import triggered by file change"
time=2026-03-11T12:13:22.219+03:00 level=INFO msg="Starting %s..." !BADKEY=auto-import
time=2026-03-11T12:13:22.220+03:00 level=INFO msg="JSONL content changed, proceeding with %s..." !BADKEY=auto-import
time=2026-03-11T12:13:22.224+03:00 level=INFO msg="⚠️  WARNING: Uncommitted local changes detected in %s" !BADKEY=/home/sorcerer/Projects/edu-operations-research-practice/.beads/issues.jsonl
time=2026-03-11T12:13:22.224+03:00 level=INFO msg="   Pulling from remote may overwrite local unpushed changes."
time=2026-03-11T12:13:22.224+03:00 level=INFO msg="   Consider running 'bd sync' to commit and push your changes first."
time=2026-03-11T12:13:22.984+03:00 level=INFO msg="Pulled sync branch %s" !BADKEY=main
time=2026-03-11T12:13:22.984+03:00 level=INFO msg="Synced JSONL from sync branch to main repo"
time=2026-03-11T12:13:22.984+03:00 level=INFO msg="File change detected: %s" !BADKEY=/home/sorcerer/Projects/edu-operations-research-practice/.beads/issues.jsonl
time=2026-03-11T12:13:22.986+03:00 level=INFO msg="Imported from JSONL"
time=2026-03-11T12:13:22.987+03:00 level=INFO msg="Auto-import complete"
time=2026-03-11T12:13:23.986+03:00 level=INFO msg="Import triggered by file change"
time=2026-03-11T12:13:23.986+03:00 level=INFO msg="Starting %s..." !BADKEY=auto-import
time=2026-03-11T12:13:23.987+03:00 level=INFO msg="JSONL content changed, proceeding with %s..." !BADKEY=auto-import
time=2026-03-11T12:13:23.991+03:00 level=INFO msg="⚠️  WARNING: Uncommitted local changes detected in %s" !BADKEY=/home/sorcerer/Projects/edu-operations-research-practice/.beads/issues.jsonl
time=2026-03-11T12:13:23.991+03:00 level=INFO msg="   Pulling from remote may overwrite local unpushed changes."
time=2026-03-11T12:13:23.991+03:00 level=INFO msg="   Consider running 'bd sync' to commit and push your changes first."
time=2026-03-11T12:13:24.925+03:00 level=INFO msg="Pulled sync branch %s" !BADKEY=main
time=2026-03-11T12:13:24.925+03:00 level=INFO msg="Synced JSONL from sync branch to main repo"
time=2026-03-11T12:13:24.925+03:00 level=INFO msg="File change detected: %s" !BADKEY=/home/sorcerer/Projects/edu-operations-research-practice/.beads/issues.jsonl
time=2026-03-11T12:13:24.929+03:00 level=INFO msg="Imported from JSONL"
time=2026-03-11T12:13:24.930+03:00 level=INFO msg="Auto-import complete"
time=2026-03-11T12:13:25.926+03:00 level=INFO msg="Import triggered by file change"
time=2026-03-11T12:13:25.926+03:00 level=INFO msg="Starting %s..." !BADKEY=auto-import
time=2026-03-11T12:13:25.926+03:00 level=INFO msg="JSONL content changed, proceeding with %s..." !BADKEY=auto-import
time=2026-03-11T12:13:25.928+03:00 level=INFO msg="⚠️  WARNING: Uncommitted local changes detected in %s" !BADKEY=/home/sorcerer/Projects/edu-operations-research-practice/.beads/issues.jsonl
time=2026-03-11T12:13:25.928+03:00 level=INFO msg="   Pulling from remote may overwrite local unpushed changes."
time=2026-03-11T12:13:25.928+03:00 level=INFO msg="   Consider running 'bd sync' to commit and push your changes first."
time=2026-03-11T12:13:26.737+03:00 level=INFO msg="Pulled sync branch %s" !BADKEY=main
time=2026-03-11T12:13:26.737+03:00 level=INFO msg="File change detected: %s" !BADKEY=/home/sorcerer/Projects/edu-operations-research-practice/.beads/issues.jsonl
time=2026-03-11T12:13:26.737+03:00 level=INFO msg="Synced JSONL from sync branch to main repo"
time=2026-03-11T12:13:26.739+03:00 level=INFO msg="Imported from JSONL"
time=2026-03-11T12:13:26.739+03:00 level=INFO msg="Auto-import complete"
time=2026-03-11T12:13:27.738+03:00 level=INFO msg="Import triggered by file change"
time=2026-03-11T12:13:27.738+03:00 level=INFO msg="Starting %s..." !BADKEY=auto-import
time=2026-03-11T12:13:27.738+03:00 level=INFO msg="JSONL content changed, proceeding with %s..." !BADKEY=auto-import
time=2026-03-11T12:13:27.740+03:00 level=INFO msg="⚠️  WARNING: Uncommitted local changes detected in %s" !BADKEY=/home/sorcerer/Projects/edu-operations-research-practice/.beads/issues.jsonl
time=2026-03-11T12:13:27.740+03:00 level=INFO msg="   Pulling from remote may overwrite local unpushed changes."
time=2026-03-11T12:13:27.740+03:00 level=INFO msg="   Consider running 'bd sync' to commit and push your changes first."
time=2026-03-11T12:13:28.713+03:00 level=INFO msg="Pulled sync branch %s" !BADKEY=main
time=2026-03-11T12:13:28.713+03:00 level=INFO msg="Synced JSONL from sync branch to main repo"
time=2026-03-11T12:13:28.713+03:00 level=INFO msg="File change detected: %s" !BADKEY=/home/sorcerer/Projects/edu-operations-research-practice/.beads/issues.jsonl
time=2026-03-11T12:13:28.716+03:00 level=INFO msg="Imported from JSONL"
time=2026-03-11T12:13:28.716+03:00 level=INFO msg="Auto-import complete"
time=2026-03-11T12:13:29.854+03:00 level=INFO msg="Import triggered by file change"
time=2026-03-11T12:13:29.854+03:00 level=INFO msg="Starting %s..." !BADKEY=auto-import
time=2026-03-11T12:13:29.854+03:00 level=INFO msg="JSONL content changed, proceeding with %s..." !BADKEY=auto-import
time=2026-03-11T12:13:29.856+03:00 level=INFO msg="⚠️  WARNING: Uncommitted local changes detected in %s" !BADKEY=/home/sorcerer/Projects/edu-operations-research-practice/.beads/issues.jsonl
time=2026-03-11T12:13:29.856+03:00 level=INFO msg="   Pulling from remote may overwrite local unpushed changes."
time=2026-03-11T12:13:29.856+03:00 level=INFO msg="   Consider running 'bd sync' to commit and push your changes first."
time=2026-03-11T12:13:31.163+03:00 level=INFO msg="Pulled sync branch %s" !BADKEY=main
time=2026-03-11T12:13:31.163+03:00 level=INFO msg="Synced JSONL from sync branch to main repo"
time=2026-03-11T12:13:31.163+03:00 level=INFO msg="File change detected: %s" !BADKEY=/home/sorcerer/Projects/edu-operations-research-practice/.beads/issues.jsonl
time=2026-03-11T12:13:31.166+03:00 level=INFO msg="Imported from JSONL"
time=2026-03-11T12:13:31.167+03:00 level=INFO msg="Auto-import complete"
time=2026-03-11T12:13:32.164+03:00 level=INFO msg="Import triggered by file change"
time=2026-03-11T12:13:32.164+03:00 level=INFO msg="Starting %s..." !BADKEY=auto-import
time=2026-03-11T12:13:32.165+03:00 level=INFO msg="JSONL content changed, proceeding with %s..." !BADKEY=auto-import
time=2026-03-11T12:13:32.167+03:00 level=INFO msg="⚠️  WARNING: Uncommitted local changes detected in %s" !BADKEY=/home/sorcerer/Projects/edu-operations-research-practice/.beads/issues.jsonl
time=2026-03-11T12:13:32.167+03:00 level=INFO msg="   Pulling from remote may overwrite local unpushed changes."
time=2026-03-11T12:13:32.167+03:00 level=INFO msg="   Consider running 'bd sync' to commit and push your changes first."
time=2026-03-11T12:13:33.094+03:00 level=INFO msg="Pulled sync branch %s" !BADKEY=main
time=2026-03-11T12:13:33.094+03:00 level=INFO msg="File change detected: %s" !BADKEY=/home/sorcerer/Projects/edu-operations-research-practice/.beads/issues.jsonl
time=2026-03-11T12:13:33.094+03:00 level=INFO msg="Synced JSONL from sync branch to main repo"
time=2026-03-11T12:13:33.096+03:00 level=INFO msg="Imported from JSONL"
time=2026-03-11T12:13:33.096+03:00 level=INFO msg="Auto-import complete"
time=2026-03-11T12:13:34.095+03:00 level=INFO msg="Import triggered by file change"
time=2026-03-11T12:13:34.095+03:00 level=INFO msg="Starting %s..." !BADKEY=auto-import
time=2026-03-11T12:13:34.095+03:00 level=INFO msg="JSONL content changed, proceeding with %s..." !BADKEY=auto-import
time=2026-03-11T12:13:34.097+03:00 level=INFO msg="⚠️  WARNING: Uncommitted local changes detected in %s" !BADKEY=/home/sorcerer/Projects/edu-operations-research-practice/.beads/issues.jsonl
time=2026-03-11T12:13:34.097+03:00 level=INFO msg="   Pulling from remote may overwrite local unpushed changes."
time=2026-03-11T12:13:34.097+03:00 level=INFO msg="   Consider running 'bd sync' to commit and push your changes first."
time=2026-03-11T12:13:34.836+03:00 level=INFO msg="Pulled sync branch %s" !BADKEY=main
time=2026-03-11T12:13:34.836+03:00 level=INFO msg="Synced JSONL from sync branch to main repo"
time=2026-03-11T12:13:34.836+03:00 level=INFO msg="File change detected: %s" !BADKEY=/home/sorcerer/Projects/edu-operations-research-practice/.beads/issues.jsonl
time=2026-03-11T12:13:34.838+03:00 level=INFO msg="Imported from JSONL"
time=2026-03-11T12:13:34.839+03:00 level=INFO msg="Auto-import complete"
time=2026-03-11T12:13:35.837+03:00 level=INFO msg="Import triggered by file change"
time=2026-03-11T12:13:35.837+03:00 level=INFO msg="Starting %s..." !BADKEY=auto-import
time=2026-03-11T12:13:35.837+03:00 level=INFO msg="JSONL content changed, proceeding with %s..." !BADKEY=auto-import
time=2026-03-11T12:13:35.839+03:00 level=INFO msg="⚠️  WARNING: Uncommitted local changes detected in %s" !BADKEY=/home/sorcerer/Projects/edu-operations-research-practice/.beads/issues.jsonl
time=2026-03-11T12:13:35.839+03:00 level=INFO msg="   Pulling from remote may overwrite local unpushed changes."
time=2026-03-11T12:13:35.839+03:00 level=INFO msg="   Consider running 'bd sync' to commit and push your changes first."
time=2026-03-11T12:13:36.556+03:00 level=INFO msg="Pulled sync branch %s" !BADKEY=main
time=2026-03-11T12:13:36.556+03:00 level=INFO msg="File change detected: %s" !BADKEY=/home/sorcerer/Projects/edu-operations-research-practice/.beads/issues.jsonl
time=2026-03-11T12:13:36.556+03:00 level=INFO msg="Synced JSONL from sync branch to main repo"
time=2026-03-11T12:13:36.560+03:00 level=INFO msg="Imported from JSONL"
time=2026-03-11T12:13:36.561+03:00 level=INFO msg="Auto-import complete"
time=2026-03-11T12:13:37.557+03:00 level=INFO msg="Import triggered by file change"
time=2026-03-11T12:13:37.557+03:00 level=INFO msg="Starting %s..." !BADKEY=auto-import
time=2026-03-11T12:13:37.557+03:00 level=INFO msg="JSONL content changed, proceeding with %s..." !BADKEY=auto-import
time=2026-03-11T12:13:37.560+03:00 level=INFO msg="⚠️  WARNING: Uncommitted local changes detected in %s" !BADKEY=/home/sorcerer/Projects/edu-operations-research-practice/.beads/issues.jsonl
time=2026-03-11T12:13:37.560+03:00 level=INFO msg="   Pulling from remote may overwrite local unpushed changes."
time=2026-03-11T12:13:37.560+03:00 level=INFO msg="   Consider running 'bd sync' to commit and push your changes first."
time=2026-03-11T12:13:38.384+03:00 level=INFO msg="Pulled sync branch %s" !BADKEY=main
time=2026-03-11T12:13:38.385+03:00 level=INFO msg="File change detected: %s" !BADKEY=/home/sorcerer/Projects/edu-operations-research-practice/.beads/issues.jsonl
time=2026-03-11T12:13:38.385+03:00 level=INFO msg="Synced JSONL from sync branch to main repo"
time=2026-03-11T12:13:38.386+03:00 level=INFO msg="Imported from JSONL"
time=2026-03-11T12:13:38.387+03:00 level=INFO msg="Auto-import complete"
time=2026-03-11T12:13:39.386+03:00 level=INFO msg="Import triggered by file change"
time=2026-03-11T12:13:39.386+03:00 level=INFO msg="Starting %s..." !BADKEY=auto-import
time=2026-03-11T12:13:39.387+03:00 level=INFO msg="JSONL content changed, proceeding with %s..." !BADKEY=auto-import
time=2026-03-11T12:13:39.389+03:00 level=INFO msg="⚠️  WARNING: Uncommitted local changes detected in %s" !BADKEY=/home/sorcerer/Projects/edu-operations-research-practice/.beads/issues.jsonl
time=2026-03-11T12:13:39.389+03:00 level=INFO msg="   Pulling from remote may overwrite local unpushed changes."
time=2026-03-11T12:13:39.389+03:00 level=INFO msg="   Consider running 'bd sync' to commit and push your changes first."
time=2026-03-11T12:13:40.413+03:00 level=INFO msg="Pulled sync branch %s" !BADKEY=main
time=2026-03-11T12:13:40.413+03:00 level=INFO msg="Synced JSONL from sync branch to main repo"
time=2026-03-11T12:13:40.413+03:00 level=INFO msg="File change detected: %s" !BADKEY=/home/sorcerer/Projects/edu-operations-research-practice/.beads/issues.jsonl
time=2026-03-11T12:13:40.417+03:00 level=INFO msg="Imported from JSONL"
time=2026-03-11T12:13:40.418+03:00 level=INFO msg="Auto-import complete"
time=2026-03-11T12:13:41.415+03:00 level=INFO msg="Import triggered by file change"
time=2026-03-11T12:13:41.415+03:00 level=INFO msg="Starting %s..." !BADKEY=auto-import
time=2026-03-11T12:13:41.416+03:00 level=INFO msg="JSONL content changed, proceeding with %s..." !BADKEY=auto-import
time=2026-03-11T12:13:41.421+03:00 level=INFO msg="⚠️  WARNING: Uncommitted local changes detected in %s" !BADKEY=/home/sorcerer/Projects/edu-operations-research-practice/.beads/issues.jsonl
time=2026-03-11T12:13:41.421+03:00 level=INFO msg="   Pulling from remote may overwrite local unpushed changes."
time=2026-03-11T12:13:41.421+03:00 level=INFO msg="   Consider running 'bd sync' to commit and push your changes first."
time=2026-03-11T12:13:42.289+03:00 level=INFO msg="Pulled sync branch %s" !BADKEY=main
time=2026-03-11T12:13:42.289+03:00 level=INFO msg="Synced JSONL from sync branch to main repo"
time=2026-03-11T12:13:42.289+03:00 level=INFO msg="File change detected: %s" !BADKEY=/home/sorcerer/Projects/edu-operations-research-practice/.beads/issues.jsonl
time=2026-03-11T12:13:42.293+03:00 level=INFO msg="Imported from JSONL"
time=2026-03-11T12:13:42.293+03:00 level=INFO msg="Auto-import complete"
time=2026-03-11T12:13:43.291+03:00 level=INFO msg="Import triggered by file change"
time=2026-03-11T12:13:43.291+03:00 level=INFO msg="Starting %s..." !BADKEY=auto-import
time=2026-03-11T12:13:43.292+03:00 level=INFO msg="JSONL content changed, proceeding with %s..." !BADKEY=auto-import
time=2026-03-11T12:13:43.297+03:00 level=INFO msg="⚠️  WARNING: Uncommitted local changes detected in %s" !BADKEY=/home/sorcerer/Projects/edu-operations-research-practice/.beads/issues.jsonl
time=2026-03-11T12:13:43.297+03:00 level=INFO msg="   Pulling from remote may overwrite local unpushed changes."
time=2026-03-11T12:13:43.297+03:00 level=INFO msg="   Consider running 'bd sync' to commit and push your changes first."
time=2026-03-11T12:13:44.306+03:00 level=INFO msg="Pulled sync branch %s" !BADKEY=main
time=2026-03-11T12:13:44.306+03:00 level=INFO msg="File change detected: %s" !BADKEY=/home/sorcerer/Projects/edu-operations-research-practice/.beads/issues.jsonl
time=2026-03-11T12:13:44.306+03:00 level=INFO msg="Synced JSONL from sync branch to main repo"
time=2026-03-11T12:13:44.309+03:00 level=INFO msg="Imported from JSONL"
time=2026-03-11T12:13:44.309+03:00 level=INFO msg="Auto-import complete"
time=2026-03-11T12:13:45.307+03:00 level=INFO msg="Import triggered by file change"
time=2026-03-11T12:13:45.307+03:00 level=INFO msg="Starting %s..." !BADKEY=auto-import
time=2026-03-11T12:13:45.308+03:00 level=INFO msg="JSONL content changed, proceeding with %s..." !BADKEY=auto-import
time=2026-03-11T12:13:45.310+03:00 level=INFO msg="⚠️  WARNING: Uncommitted local changes detected in %s" !BADKEY=/home/sorcerer/Projects/edu-operations-research-practice/.beads/issues.jsonl
time=2026-03-11T12:13:45.310+03:00 level=INFO msg="   Pulling from remote may overwrite local unpushed changes."
time=2026-03-11T12:13:45.310+03:00 level=INFO msg="   Consider running 'bd sync' to commit and push your changes first."
time=2026-03-11T12:13:46.447+03:00 level=INFO msg="Pulled sync branch %s" !BADKEY=main
time=2026-03-11T12:13:46.447+03:00 level=INFO msg="File change detected: %s" !BADKEY=/home/sorcerer/Projects/edu-operations-research-practice/.beads/issues.jsonl
time=2026-03-11T12:13:46.447+03:00 level=INFO msg="Synced JSONL from sync branch to main repo"
time=2026-03-11T12:13:46.450+03:00 level=INFO msg="Imported from JSONL"
time=2026-03-11T12:13:46.451+03:00 level=INFO msg="Auto-import complete"
time=2026-03-11T12:13:47.449+03:00 level=INFO msg="Import triggered by file change"
time=2026-03-11T12:13:47.449+03:00 level=INFO msg="Starting %s..." !BADKEY=auto-import
time=2026-03-11T12:13:47.449+03:00 level=INFO msg="JSONL content changed, proceeding with %s..." !BADKEY=auto-import
time=2026-03-11T12:13:47.451+03:00 level=INFO msg="⚠️  WARNING: Uncommitted local changes detected in %s" !BADKEY=/home/sorcerer/Projects/edu-operations-research-practice/.beads/issues.jsonl
time=2026-03-11T12:13:47.451+03:00 level=INFO msg="   Pulling from remote may overwrite local unpushed changes."
time=2026-03-11T12:13:47.451+03:00 level=INFO msg="   Consider running 'bd sync' to commit and push your changes first."
time=2026-03-11T12:13:48.397+03:00 level=INFO msg="Pulled sync branch %s" !BADKEY=main
time=2026-03-11T12:13:48.398+03:00 level=INFO msg="File change detected: %s" !BADKEY=/home/sorcerer/Projects/edu-operations-research-practice/.beads/issues.jsonl
time=2026-03-11T12:13:48.398+03:00 level=INFO msg="Synced JSONL from sync branch to main repo"
time=2026-03-11T12:13:48.400+03:00 level=INFO msg="Imported from JSONL"
time=2026-03-11T12:13:48.400+03:00 level=INFO msg="Auto-import complete"
time=2026-03-11T12:13:49.398+03:00 level=INFO msg="Import triggered by file change"
time=2026-03-11T12:13:49.398+03:00 level=INFO msg="Starting %s..." !BADKEY=auto-import
time=2026-03-11T12:13:49.399+03:00 level=INFO msg="JSONL content changed, proceeding with %s..." !BADKEY=auto-import
time=2026-03-11T12:13:49.403+03:00 level=INFO msg="⚠️  WARNING: Uncommitted local changes detected in %s" !BADKEY=/home/sorcerer/Projects/edu-operations-research-practice/.beads/issues.jsonl
time=2026-03-11T12:13:49.403+03:00 level=INFO msg="   Pulling from remote may overwrite local unpushed changes."
time=2026-03-11T12:13:49.403+03:00 level=INFO msg="   Consider running 'bd sync' to commit and push your changes first."
time=2026-03-11T12:13:51.093+03:00 level=INFO msg="Pulled sync branch %s" !BADKEY=main
time=2026-03-11T12:13:51.093+03:00 level=INFO msg="Synced JSONL from sync branch to main repo"
time=2026-03-11T12:13:51.093+03:00 level=INFO msg="File change detected: %s" !BADKEY=/home/sorcerer/Projects/edu-operations-research-practice/.beads/issues.jsonl
time=2026-03-11T12:13:51.096+03:00 level=INFO msg="Imported from JSONL"
time=2026-03-11T12:13:51.097+03:00 level=INFO msg="Auto-import complete"
time=2026-03-11T12:13:52.094+03:00 level=INFO msg="Import triggered by file change"
time=2026-03-11T12:13:52.095+03:00 level=INFO msg="Starting %s..." !BADKEY=auto-import
time=2026-03-11T12:13:52.095+03:00 level=INFO msg="JSONL content changed, proceeding with %s..." !BADKEY=auto-import
time=2026-03-11T12:13:52.099+03:00 level=INFO msg="⚠️  WARNING: Uncommitted local changes detected in %s" !BADKEY=/home/sorcerer/Projects/edu-operations-research-practice/.beads/issues.jsonl
time=2026-03-11T12:13:52.099+03:00 level=INFO msg="   Pulling from remote may overwrite local unpushed changes."
time=2026-03-11T12:13:52.099+03:00 level=INFO msg="   Consider running 'bd sync' to commit and push your changes first."
time=2026-03-11T12:13:53.076+03:00 level=INFO msg="Pulled sync branch %s" !BADKEY=main
time=2026-03-11T12:13:53.076+03:00 level=INFO msg="Synced JSONL from sync branch to main repo"
time=2026-03-11T12:13:53.076+03:00 level=INFO msg="File change detected: %s" !BADKEY=/home/sorcerer/Projects/edu-operations-research-practice/.beads/issues.jsonl
time=2026-03-11T12:13:53.080+03:00 level=INFO msg="Imported from JSONL"
time=2026-03-11T12:13:53.081+03:00 level=INFO msg="Auto-import complete"
time=2026-03-11T12:13:54.077+03:00 level=INFO msg="Import triggered by file change"
time=2026-03-11T12:13:54.077+03:00 level=INFO msg="Starting %s..." !BADKEY=auto-import
time=2026-03-11T12:13:54.077+03:00 level=INFO msg="JSONL content changed, proceeding with %s..." !BADKEY=auto-import
time=2026-03-11T12:13:54.081+03:00 level=INFO msg="⚠️  WARNING: Uncommitted local changes detected in %s" !BADKEY=/home/sorcerer/Projects/edu-operations-research-practice/.beads/issues.jsonl
time=2026-03-11T12:13:54.081+03:00 level=INFO msg="   Pulling from remote may overwrite local unpushed changes."
time=2026-03-11T12:13:54.081+03:00 level=INFO msg="   Consider running 'bd sync' to commit and push your changes first."
time=2026-03-11T12:13:54.820+03:00 level=INFO msg="Pulled sync branch %s" !BADKEY=main
time=2026-03-11T12:13:54.821+03:00 level=INFO msg="Synced JSONL from sync branch to main repo"
time=2026-03-11T12:13:54.821+03:00 level=INFO msg="File change detected: %s" !BADKEY=/home/sorcerer/Projects/edu-operations-research-practice/.beads/issues.jsonl
time=2026-03-11T12:13:54.823+03:00 level=INFO msg="Imported from JSONL"
time=2026-03-11T12:13:54.823+03:00 level=INFO msg="Auto-import complete"
time=2026-03-11T12:13:55.824+03:00 level=INFO msg="Import triggered by file change"
time=2026-03-11T12:13:55.824+03:00 level=INFO msg="Starting %s..." !BADKEY=auto-import
time=2026-03-11T12:13:55.824+03:00 level=INFO msg="JSONL content changed, proceeding with %s..." !BADKEY=auto-import
time=2026-03-11T12:13:55.828+03:00 level=INFO msg="⚠️  WARNING: Uncommitted local changes detected in %s" !BADKEY=/home/sorcerer/Projects/edu-operations-research-practice/.beads/issues.jsonl
time=2026-03-11T12:13:55.828+03:00 level=INFO msg="   Pulling from remote may overwrite local unpushed changes."
time=2026-03-11T12:13:55.828+03:00 level=INFO msg="   Consider running 'bd sync' to commit and push your changes first."
time=2026-03-11T12:13:56.963+03:00 level=INFO msg="Pulled sync branch %s" !BADKEY=main
time=2026-03-11T12:13:56.963+03:00 level=INFO msg="File change detected: %s" !BADKEY=/home/sorcerer/Projects/edu-operations-research-practice/.beads/issues.jsonl
time=2026-03-11T12:13:56.963+03:00 level=INFO msg="Synced JSONL from sync branch to main repo"
time=2026-03-11T12:13:56.966+03:00 level=INFO msg="Imported from JSONL"
time=2026-03-11T12:13:56.967+03:00 level=INFO msg="Auto-import complete"
time=2026-03-11T12:13:57.964+03:00 level=INFO msg="Import triggered by file change"
time=2026-03-11T12:13:57.965+03:00 level=INFO msg="Starting %s..." !BADKEY=auto-import
time=2026-03-11T12:13:57.965+03:00 level=INFO msg="JSONL content changed, proceeding with %s..." !BADKEY=auto-import
time=2026-03-11T12:13:57.968+03:00 level=INFO msg="⚠️  WARNING: Uncommitted local changes detected in %s" !BADKEY=/home/sorcerer/Projects/edu-operations-research-practice/.beads/issues.jsonl
time=2026-03-11T12:13:57.968+03:00 level=INFO msg="   Pulling from remote may overwrite local unpushed changes."
time=2026-03-11T12:13:57.968+03:00 level=INFO msg="   Consider running 'bd sync' to commit and push your changes first."
time=2026-03-11T12:13:58.723+03:00 level=INFO msg="Pulled sync branch %s" !BADKEY=main
time=2026-03-11T12:13:58.724+03:00 level=INFO msg="Synced JSONL from sync branch to main repo"
time=2026-03-11T12:13:58.724+03:00 level=INFO msg="File change detected: %s" !BADKEY=/home/sorcerer/Projects/edu-operations-research-practice/.beads/issues.jsonl
time=2026-03-11T12:13:58.726+03:00 level=INFO msg="Imported from JSONL"
time=2026-03-11T12:13:58.726+03:00 level=INFO msg="Auto-import complete"
time=2026-03-11T12:13:59.851+03:00 level=INFO msg="Import triggered by file change"
time=2026-03-11T12:13:59.851+03:00 level=INFO msg="Starting %s..." !BADKEY=auto-import
time=2026-03-11T12:13:59.852+03:00 level=INFO msg="JSONL content changed, proceeding with %s..." !BADKEY=auto-import
time=2026-03-11T12:13:59.855+03:00 level=INFO msg="⚠️  WARNING: Uncommitted local changes detected in %s" !BADKEY=/home/sorcerer/Projects/edu-operations-research-practice/.beads/issues.jsonl
time=2026-03-11T12:13:59.855+03:00 level=INFO msg="   Pulling from remote may overwrite local unpushed changes."
time=2026-03-11T12:13:59.855+03:00 level=INFO msg="   Consider running 'bd sync' to commit and push your changes first."
time=2026-03-11T12:14:00.729+03:00 level=INFO msg="Pulled sync branch %s" !BADKEY=main
time=2026-03-11T12:14:00.729+03:00 level=INFO msg="Synced JSONL from sync branch to main repo"
time=2026-03-11T12:14:00.729+03:00 level=INFO msg="File change detected: %s" !BADKEY=/home/sorcerer/Projects/edu-operations-research-practice/.beads/issues.jsonl
time=2026-03-11T12:14:00.732+03:00 level=INFO msg="Imported from JSONL"
time=2026-03-11T12:14:00.733+03:00 level=INFO msg="Auto-import complete"
time=2026-03-11T12:14:01.731+03:00 level=INFO msg="Import triggered by file change"
time=2026-03-11T12:14:01.731+03:00 level=INFO msg="Starting %s..." !BADKEY=auto-import
time=2026-03-11T12:14:01.731+03:00 level=INFO msg="JSONL content changed, proceeding with %s..." !BADKEY=auto-import
time=2026-03-11T12:14:01.733+03:00 level=INFO msg="⚠️  WARNING: Uncommitted local changes detected in %s" !BADKEY=/home/sorcerer/Projects/edu-operations-research-practice/.beads/issues.jsonl
time=2026-03-11T12:14:01.733+03:00 level=INFO msg="   Pulling from remote may overwrite local unpushed changes."
time=2026-03-11T12:14:01.733+03:00 level=INFO msg="   Consider running 'bd sync' to commit and push your changes first."
time=2026-03-11T12:14:02.549+03:00 level=INFO msg="Pulled sync branch %s" !BADKEY=main
time=2026-03-11T12:14:02.549+03:00 level=INFO msg="Synced JSONL from sync branch to main repo"
time=2026-03-11T12:14:02.549+03:00 level=INFO msg="File change detected: %s" !BADKEY=/home/sorcerer/Projects/edu-operations-research-practice/.beads/issues.jsonl
time=2026-03-11T12:14:02.551+03:00 level=INFO msg="Imported from JSONL"
time=2026-03-11T12:14:02.552+03:00 level=INFO msg="Auto-import complete"
time=2026-03-11T12:14:03.551+03:00 level=INFO msg="Import triggered by file change"
time=2026-03-11T12:14:03.551+03:00 level=INFO msg="Starting %s..." !BADKEY=auto-import
time=2026-03-11T12:14:03.551+03:00 level=INFO msg="JSONL content changed, proceeding with %s..." !BADKEY=auto-import
time=2026-03-11T12:14:03.553+03:00 level=INFO msg="⚠️  WARNING: Uncommitted local changes detected in %s" !BADKEY=/home/sorcerer/Projects/edu-operations-research-practice/.beads/issues.jsonl
time=2026-03-11T12:14:03.553+03:00 level=INFO msg="   Pulling from remote may overwrite local unpushed changes."
time=2026-03-11T12:14:03.553+03:00 level=INFO msg="   Consider running 'bd sync' to commit and push your changes first."
time=2026-03-11T12:14:04.866+03:00 level=INFO msg="Pulled sync branch %s" !BADKEY=main
time=2026-03-11T12:14:04.866+03:00 level=INFO msg="Synced JSONL from sync branch to main repo"
time=2026-03-11T12:14:04.866+03:00 level=INFO msg="File change detected: %s" !BADKEY=/home/sorcerer/Projects/edu-operations-research-practice/.beads/issues.jsonl
time=2026-03-11T12:14:04.868+03:00 level=INFO msg="Imported from JSONL"
time=2026-03-11T12:14:04.868+03:00 level=INFO msg="Auto-import complete"
time=2026-03-11T12:14:05.867+03:00 level=INFO msg="Import triggered by file change"
time=2026-03-11T12:14:05.867+03:00 level=INFO msg="Starting %s..." !BADKEY=auto-import
time=2026-03-11T12:14:05.868+03:00 level=INFO msg="JSONL content changed, proceeding with %s..." !BADKEY=auto-import
time=2026-03-11T12:14:05.870+03:00 level=INFO msg="⚠️  WARNING: Uncommitted local changes detected in %s" !BADKEY=/home/sorcerer/Projects/edu-operations-research-practice/.beads/issues.jsonl
time=2026-03-11T12:14:05.870+03:00 level=INFO msg="   Pulling from remote may overwrite local unpushed changes."
time=2026-03-11T12:14:05.870+03:00 level=INFO msg="   Consider running 'bd sync' to commit and push your changes first."
time=2026-03-11T12:14:06.727+03:00 level=INFO msg="Pulled sync branch %s" !BADKEY=main
time=2026-03-11T12:14:06.727+03:00 level=INFO msg="File change detected: %s" !BADKEY=/home/sorcerer/Projects/edu-operations-research-practice/.beads/issues.jsonl
time=2026-03-11T12:14:06.727+03:00 level=INFO msg="Synced JSONL from sync branch to main repo"
time=2026-03-11T12:14:06.730+03:00 level=INFO msg="Imported from JSONL"
time=2026-03-11T12:14:06.730+03:00 level=INFO msg="Auto-import complete"
time=2026-03-11T12:14:07.728+03:00 level=INFO msg="Import triggered by file change"
time=2026-03-11T12:14:07.729+03:00 level=INFO msg="Starting %s..." !BADKEY=auto-import
time=2026-03-11T12:14:07.729+03:00 level=INFO msg="JSONL content changed, proceeding with %s..." !BADKEY=auto-import
time=2026-03-11T12:14:07.733+03:00 level=INFO msg="⚠️  WARNING: Uncommitted local changes detected in %s" !BADKEY=/home/sorcerer/Projects/edu-operations-research-practice/.beads/issues.jsonl
time=2026-03-11T12:14:07.733+03:00 level=INFO msg="   Pulling from remote may overwrite local unpushed changes."
time=2026-03-11T12:14:07.733+03:00 level=INFO msg="   Consider running 'bd sync' to commit and push your changes first."
time=2026-03-11T12:14:08.441+03:00 level=INFO msg="Pulled sync branch %s" !BADKEY=main
time=2026-03-11T12:14:08.443+03:00 level=INFO msg="Synced JSONL from sync branch to main repo"
time=2026-03-11T12:14:08.443+03:00 level=INFO msg="File change detected: %s" !BADKEY=/home/sorcerer/Projects/edu-operations-research-practice/.beads/issues.jsonl
time=2026-03-11T12:14:08.445+03:00 level=INFO msg="Imported from JSONL"
time=2026-03-11T12:14:08.445+03:00 level=INFO msg="Auto-import complete"
time=2026-03-11T12:14:09.444+03:00 level=INFO msg="Import triggered by file change"
time=2026-03-11T12:14:09.444+03:00 level=INFO msg="Starting %s..." !BADKEY=auto-import
time=2026-03-11T12:14:09.444+03:00 level=INFO msg="JSONL content changed, proceeding with %s..." !BADKEY=auto-import
time=2026-03-11T12:14:09.446+03:00 level=INFO msg="⚠️  WARNING: Uncommitted local changes detected in %s" !BADKEY=/home/sorcerer/Projects/edu-operations-research-practice/.beads/issues.jsonl
time=2026-03-11T12:14:09.446+03:00 level=INFO msg="   Pulling from remote may overwrite local unpushed changes."
time=2026-03-11T12:14:09.446+03:00 level=INFO msg="   Consider running 'bd sync' to commit and push your changes first."
time=2026-03-11T12:14:10.276+03:00 level=INFO msg="Pulled sync branch %s" !BADKEY=main
time=2026-03-11T12:14:10.276+03:00 level=INFO msg="Synced JSONL from sync branch to main repo"
time=2026-03-11T12:14:10.276+03:00 level=INFO msg="File change detected: %s" !BADKEY=/home/sorcerer/Projects/edu-operations-research-practice/.beads/issues.jsonl
time=2026-03-11T12:14:10.279+03:00 level=INFO msg="Imported from JSONL"
time=2026-03-11T12:14:10.280+03:00 level=INFO msg="Auto-import complete"
time=2026-03-11T12:14:11.278+03:00 level=INFO msg="Import triggered by file change"
time=2026-03-11T12:14:11.278+03:00 level=INFO msg="Starting %s..." !BADKEY=auto-import
time=2026-03-11T12:14:11.279+03:00 level=INFO msg="JSONL content changed, proceeding with %s..." !BADKEY=auto-import
time=2026-03-11T12:14:11.283+03:00 level=INFO msg="⚠️  WARNING: Uncommitted local changes detected in %s" !BADKEY=/home/sorcerer/Projects/edu-operations-research-practice/.beads/issues.jsonl
time=2026-03-11T12:14:11.283+03:00 level=INFO msg="   Pulling from remote may overwrite local unpushed changes."
time=2026-03-11T12:14:11.283+03:00 level=INFO msg="   Consider running 'bd sync' to commit and push your changes first."
time=2026-03-11T12:14:12.484+03:00 level=INFO msg="Pulled sync branch %s" !BADKEY=main
time=2026-03-11T12:14:12.484+03:00 level=INFO msg="File change detected: %s" !BADKEY=/home/sorcerer/Projects/edu-operations-research-practice/.beads/issues.jsonl
time=2026-03-11T12:14:12.484+03:00 level=INFO msg="Synced JSONL from sync branch to main repo"
time=2026-03-11T12:14:12.488+03:00 level=INFO msg="Imported from JSONL"
time=2026-03-11T12:14:12.489+03:00 level=INFO msg="Auto-import complete"
time=2026-03-11T12:14:13.486+03:00 level=INFO msg="Import triggered by file change"
time=2026-03-11T12:14:13.486+03:00 level=INFO msg="Starting %s..." !BADKEY=auto-import
time=2026-03-11T12:14:13.487+03:00 level=INFO msg="JSONL content changed, proceeding with %s..." !BADKEY=auto-import
time=2026-03-11T12:14:13.491+03:00 level=INFO msg="⚠️  WARNING: Uncommitted local changes detected in %s" !BADKEY=/home/sorcerer/Projects/edu-operations-research-practice/.beads/issues.jsonl
time=2026-03-11T12:14:13.491+03:00 level=INFO msg="   Pulling from remote may overwrite local unpushed changes."
time=2026-03-11T12:14:13.491+03:00 level=INFO msg="   Consider running 'bd sync' to commit and push your changes first."
time=2026-03-11T12:14:15.025+03:00 level=INFO msg="Pulled sync branch %s" !BADKEY=main
time=2026-03-11T12:14:15.025+03:00 level=INFO msg="Synced JSONL from sync branch to main repo"
time=2026-03-11T12:14:15.025+03:00 level=INFO msg="File change detected: %s" !BADKEY=/home/sorcerer/Projects/edu-operations-research-practice/.beads/issues.jsonl
time=2026-03-11T12:14:15.029+03:00 level=INFO msg="Imported from JSONL"
time=2026-03-11T12:14:15.030+03:00 level=INFO msg="Auto-import complete"
time=2026-03-11T12:14:16.027+03:00 level=INFO msg="Import triggered by file change"
time=2026-03-11T12:14:16.027+03:00 level=INFO msg="Starting %s..." !BADKEY=auto-import
time=2026-03-11T12:14:16.027+03:00 level=INFO msg="JSONL content changed, proceeding with %s..." !BADKEY=auto-import
time=2026-03-11T12:14:16.029+03:00 level=INFO msg="⚠️  WARNING: Uncommitted local changes detected in %s" !BADKEY=/home/sorcerer/Projects/edu-operations-research-practice/.beads/issues.jsonl
time=2026-03-11T12:14:16.029+03:00 level=INFO msg="   Pulling from remote may overwrite local unpushed changes."
time=2026-03-11T12:14:16.029+03:00 level=INFO msg="   Consider running 'bd sync' to commit and push your changes first."
time=2026-03-11T12:14:16.804+03:00 level=INFO msg="Pulled sync branch %s" !BADKEY=main
time=2026-03-11T12:14:16.804+03:00 level=INFO msg="Synced JSONL from sync branch to main repo"
time=2026-03-11T12:14:16.805+03:00 level=INFO msg="File change detected: %s" !BADKEY=/home/sorcerer/Projects/edu-operations-research-practice/.beads/issues.jsonl
time=2026-03-11T12:14:16.807+03:00 level=INFO msg="Imported from JSONL"
time=2026-03-11T12:14:16.808+03:00 level=INFO msg="Auto-import complete"
time=2026-03-11T12:14:17.806+03:00 level=INFO msg="Import triggered by file change"
time=2026-03-11T12:14:17.807+03:00 level=INFO msg="Starting %s..." !BADKEY=auto-import
time=2026-03-11T12:14:17.807+03:00 level=INFO msg="JSONL content changed, proceeding with %s..." !BADKEY=auto-import
time=2026-03-11T12:14:17.810+03:00 level=INFO msg="⚠️  WARNING: Uncommitted local changes detected in %s" !BADKEY=/home/sorcerer/Projects/edu-operations-research-practice/.beads/issues.jsonl
time=2026-03-11T12:14:17.810+03:00 level=INFO msg="   Pulling from remote may overwrite local unpushed changes."
time=2026-03-11T12:14:17.810+03:00 level=INFO msg="   Consider running 'bd sync' to commit and push your changes first."
time=2026-03-11T12:14:18.579+03:00 level=INFO msg="Pulled sync branch %s" !BADKEY=main
time=2026-03-11T12:14:18.579+03:00 level=INFO msg="Synced JSONL from sync branch to main repo"
time=2026-03-11T12:14:18.579+03:00 level=INFO msg="File change detected: %s" !BADKEY=/home/sorcerer/Projects/edu-operations-research-practice/.beads/issues.jsonl
time=2026-03-11T12:14:18.583+03:00 level=INFO msg="Imported from JSONL"
time=2026-03-11T12:14:18.583+03:00 level=INFO msg="Auto-import complete"
time=2026-03-11T12:14:19.580+03:00 level=INFO msg="Import triggered by file change"
time=2026-03-11T12:14:19.580+03:00 level=INFO msg="Starting %s..." !BADKEY=auto-import
time=2026-03-11T12:14:19.580+03:00 level=INFO msg="JSONL content changed, proceeding with %s..." !BADKEY=auto-import
time=2026-03-11T12:14:19.582+03:00 level=INFO msg="⚠️  WARNING: Uncommitted local changes detected in %s" !BADKEY=/home/sorcerer/Projects/edu-operations-research-practice/.beads/issues.jsonl
time=2026-03-11T12:14:19.582+03:00 level=INFO msg="   Pulling from remote may overwrite local unpushed changes."
time=2026-03-11T12:14:19.582+03:00 level=INFO msg="   Consider running 'bd sync' to commit and push your changes first."
time=2026-03-11T12:14:20.317+03:00 level=INFO msg="Pulled sync branch %s" !BADKEY=main
time=2026-03-11T12:14:20.317+03:00 level=INFO msg="Synced JSONL from sync branch to main repo"
time=2026-03-11T12:14:20.317+03:00 level=INFO msg="File change detected: %s" !BADKEY=/home/sorcerer/Projects/edu-operations-research-practice/.beads/issues.jsonl
time=2026-03-11T12:14:20.320+03:00 level=INFO msg="Imported from JSONL"
time=2026-03-11T12:14:20.320+03:00 level=INFO msg="Auto-import complete"
time=2026-03-11T12:14:21.319+03:00 level=INFO msg="Import triggered by file change"
time=2026-03-11T12:14:21.319+03:00 level=INFO msg="Starting %s..." !BADKEY=auto-import
time=2026-03-11T12:14:21.319+03:00 level=INFO msg="JSONL content changed, proceeding with %s..." !BADKEY=auto-import
time=2026-03-11T12:14:21.323+03:00 level=INFO msg="⚠️  WARNING: Uncommitted local changes detected in %s" !BADKEY=/home/sorcerer/Projects/edu-operations-research-practice/.beads/issues.jsonl
time=2026-03-11T12:14:21.323+03:00 level=INFO msg="   Pulling from remote may overwrite local unpushed changes."
time=2026-03-11T12:14:21.323+03:00 level=INFO msg="   Consider running 'bd sync' to commit and push your changes first."
time=2026-03-11T12:14:22.129+03:00 level=INFO msg="Pulled sync branch %s" !BADKEY=main
time=2026-03-11T12:14:22.129+03:00 level=INFO msg="Synced JSONL from sync branch to main repo"
time=2026-03-11T12:14:22.129+03:00 level=INFO msg="File change detected: %s" !BADKEY=/home/sorcerer/Projects/edu-operations-research-practice/.beads/issues.jsonl
time=2026-03-11T12:14:22.132+03:00 level=INFO msg="Imported from JSONL"
time=2026-03-11T12:14:22.132+03:00 level=INFO msg="Auto-import complete"
time=2026-03-11T12:14:23.131+03:00 level=INFO msg="Import triggered by file change"
time=2026-03-11T12:14:23.131+03:00 level=INFO msg="Starting %s..." !BADKEY=auto-import
time=2026-03-11T12:14:23.132+03:00 level=INFO msg="JSONL content changed, proceeding with %s..." !BADKEY=auto-import
time=2026-03-11T12:14:23.136+03:00 level=INFO msg="⚠️  WARNING: Uncommitted local changes detected in %s" !BADKEY=/home/sorcerer/Projects/edu-operations-research-practice/.beads/issues.jsonl
time=2026-03-11T12:14:23.136+03:00 level=INFO msg="   Pulling from remote may overwrite local unpushed changes."
time=2026-03-11T12:14:23.136+03:00 level=INFO msg="   Consider running 'bd sync' to commit and push your changes first."
time=2026-03-11T12:14:24.022+03:00 level=INFO msg="Pulled sync branch %s" !BADKEY=main
time=2026-03-11T12:14:24.022+03:00 level=INFO msg="Synced JSONL from sync branch to main repo"
time=2026-03-11T12:14:24.022+03:00 level=INFO msg="File change detected: %s" !BADKEY=/home/sorcerer/Projects/edu-operations-research-practice/.beads/issues.jsonl
time=2026-03-11T12:14:24.027+03:00 level=INFO msg="Imported from JSONL"
time=2026-03-11T12:14:24.027+03:00 level=INFO msg="Auto-import complete"
time=2026-03-11T12:14:25.024+03:00 level=INFO msg="Import triggered by file change"
time=2026-03-11T12:14:25.024+03:00 level=INFO msg="Starting %s..." !BADKEY=auto-import
time=2026-03-11T12:14:25.025+03:00 level=INFO msg="JSONL content changed, proceeding with %s..." !BADKEY=auto-import
time=2026-03-11T12:14:25.027+03:00 level=INFO msg="⚠️  WARNING: Uncommitted local changes detected in %s" !BADKEY=/home/sorcerer/Projects/edu-operations-research-practice/.beads/issues.jsonl
time=2026-03-11T12:14:25.028+03:00 level=INFO msg="   Pulling from remote may overwrite local unpushed changes."
time=2026-03-11T12:14:25.028+03:00 level=INFO msg="   Consider running 'bd sync' to commit and push your changes first."
time=2026-03-11T12:14:25.741+03:00 level=INFO msg="Pulled sync branch %s" !BADKEY=main
time=2026-03-11T12:14:25.741+03:00 level=INFO msg="Synced JSONL from sync branch to main repo"
time=2026-03-11T12:14:25.741+03:00 level=INFO msg="File change detected: %s" !BADKEY=/home/sorcerer/Projects/edu-operations-research-practice/.beads/issues.jsonl
time=2026-03-11T12:14:25.743+03:00 level=INFO msg="Imported from JSONL"
time=2026-03-11T12:14:25.743+03:00 level=INFO msg="Auto-import complete"
time=2026-03-11T12:14:26.743+03:00 level=INFO msg="Import triggered by file change"
time=2026-03-11T12:14:26.743+03:00 level=INFO msg="Starting %s..." !BADKEY=auto-import
time=2026-03-11T12:14:26.743+03:00 level=INFO msg="JSONL content changed, proceeding with %s..." !BADKEY=auto-import
time=2026-03-11T12:14:26.746+03:00 level=INFO msg="⚠️  WARNING: Uncommitted local changes detected in %s" !BADKEY=/home/sorcerer/Projects/edu-operations-research-practice/.beads/issues.jsonl
time=2026-03-11T12:14:26.746+03:00 level=INFO msg="   Pulling from remote may overwrite local unpushed changes."
time=2026-03-11T12:14:26.746+03:00 level=INFO msg="   Consider running 'bd sync' to commit and push your changes first."
time=2026-03-11T12:14:27.538+03:00 level=INFO msg="Pulled sync branch %s" !BADKEY=main
time=2026-03-11T12:14:27.538+03:00 level=INFO msg="File change detected: %s" !BADKEY=/home/sorcerer/Projects/edu-operations-research-practice/.beads/issues.jsonl
time=2026-03-11T12:14:27.538+03:00 level=INFO msg="Synced JSONL from sync branch to main repo"
time=2026-03-11T12:14:27.542+03:00 level=INFO msg="Imported from JSONL"
time=2026-03-11T12:14:27.542+03:00 level=INFO msg="Auto-import complete"
time=2026-03-11T12:14:28.539+03:00 level=INFO msg="Import triggered by file change"
time=2026-03-11T12:14:28.539+03:00 level=INFO msg="Starting %s..." !BADKEY=auto-import
time=2026-03-11T12:14:28.540+03:00 level=INFO msg="JSONL content changed, proceeding with %s..." !BADKEY=auto-import
time=2026-03-11T12:14:28.544+03:00 level=INFO msg="⚠️  WARNING: Uncommitted local changes detected in %s" !BADKEY=/home/sorcerer/Projects/edu-operations-research-practice/.beads/issues.jsonl
time=2026-03-11T12:14:28.544+03:00 level=INFO msg="   Pulling from remote may overwrite local unpushed changes."
time=2026-03-11T12:14:28.544+03:00 level=INFO msg="   Consider running 'bd sync' to commit and push your changes first."
time=2026-03-11T12:14:29.421+03:00 level=INFO msg="Pulled sync branch %s" !BADKEY=main
time=2026-03-11T12:14:29.421+03:00 level=INFO msg="File change detected: %s" !BADKEY=/home/sorcerer/Projects/edu-operations-research-practice/.beads/issues.jsonl
time=2026-03-11T12:14:29.421+03:00 level=INFO msg="Synced JSONL from sync branch to main repo"
time=2026-03-11T12:14:29.425+03:00 level=INFO msg="Imported from JSONL"
time=2026-03-11T12:14:29.426+03:00 level=INFO msg="Auto-import complete"
time=2026-03-11T12:14:29.971+03:00 level=INFO msg="Mutation detected: %s %s" create=eorp-uxf
time=2026-03-11T12:14:30.422+03:00 level=INFO msg="Import triggered by file change"
time=2026-03-11T12:14:30.422+03:00 level=INFO msg="Starting %s..." !BADKEY=auto-import
time=2026-03-11T12:14:30.423+03:00 level=INFO msg="JSONL content changed, proceeding with %s..." !BADKEY=auto-import
time=2026-03-11T12:14:30.427+03:00 level=INFO msg="⚠️  WARNING: Uncommitted local changes detected in %s" !BADKEY=/home/sorcerer/Projects/edu-operations-research-practice/.beads/issues.jsonl
time=2026-03-11T12:14:30.427+03:00 level=INFO msg="   Pulling from remote may overwrite local unpushed changes."
time=2026-03-11T12:14:30.427+03:00 level=INFO msg="   Consider running 'bd sync' to commit and push your changes first."
time=2026-03-11T12:14:30.472+03:00 level=INFO msg="Export triggered by mutation events"
time=2026-03-11T12:14:30.472+03:00 level=INFO msg="Starting %s..." !BADKEY=export
time=2026-03-11T12:14:30.473+03:00 level=INFO msg="Pre-export validation failed: %v" !BADKEY="refusing to export: JSONL content has changed since last import (import first to avoid data loss)"
time=2026-03-11T12:14:31.812+03:00 level=INFO msg="Pulled sync branch %s" !BADKEY=main
time=2026-03-11T12:14:31.812+03:00 level=INFO msg="Synced JSONL from sync branch to main repo"
time=2026-03-11T12:14:31.812+03:00 level=INFO msg="File change detected: %s" !BADKEY=/home/sorcerer/Projects/edu-operations-research-practice/.beads/issues.jsonl
time=2026-03-11T12:14:31.822+03:00 level=INFO msg="Imported from JSONL"
time=2026-03-11T12:14:31.828+03:00 level=INFO msg="Auto-import complete"
time=2026-03-11T12:14:32.814+03:00 level=INFO msg="Import triggered by file change"
time=2026-03-11T12:14:32.814+03:00 level=INFO msg="Starting %s..." !BADKEY=auto-import
time=2026-03-11T12:14:32.815+03:00 level=INFO msg="JSONL content changed, proceeding with %s..." !BADKEY=auto-import
time=2026-03-11T12:14:32.819+03:00 level=INFO msg="⚠️  WARNING: Uncommitted local changes detected in %s" !BADKEY=/home/sorcerer/Projects/edu-operations-research-practice/.beads/issues.jsonl
time=2026-03-11T12:14:32.819+03:00 level=INFO msg="   Pulling from remote may overwrite local unpushed changes."
time=2026-03-11T12:14:32.819+03:00 level=INFO msg="   Consider running 'bd sync' to commit and push your changes first."
time=2026-03-11T12:14:33.567+03:00 level=INFO msg="Pulled sync branch %s" !BADKEY=main
time=2026-03-11T12:14:33.567+03:00 level=INFO msg="Synced JSONL from sync branch to main repo"
time=2026-03-11T12:14:33.567+03:00 level=INFO msg="File change detected: %s" !BADKEY=/home/sorcerer/Projects/edu-operations-research-practice/.beads/issues.jsonl
time=2026-03-11T12:14:33.571+03:00 level=INFO msg="Imported from JSONL"
time=2026-03-11T12:14:33.572+03:00 level=INFO msg="Auto-import complete"
time=2026-03-11T12:14:34.568+03:00 level=INFO msg="Import triggered by file change"
time=2026-03-11T12:14:34.568+03:00 level=INFO msg="Starting %s..." !BADKEY=auto-import
time=2026-03-11T12:14:34.569+03:00 level=INFO msg="JSONL content changed, proceeding with %s..." !BADKEY=auto-import
time=2026-03-11T12:14:34.573+03:00 level=INFO msg="⚠️  WARNING: Uncommitted local changes detected in %s" !BADKEY=/home/sorcerer/Projects/edu-operations-research-practice/.beads/issues.jsonl
time=2026-03-11T12:14:34.573+03:00 level=INFO msg="   Pulling from remote may overwrite local unpushed changes."
time=2026-03-11T12:14:34.573+03:00 level=INFO msg="   Consider running 'bd sync' to commit and push your changes first."
time=2026-03-11T12:14:35.201+03:00 level=INFO msg="Mutation detected: %s %s" status=eorp-uxf
time=2026-03-11T12:14:35.440+03:00 level=INFO msg="Pulled sync branch %s" !BADKEY=main
time=2026-03-11T12:14:35.440+03:00 level=INFO msg="Synced JSONL from sync branch to main repo"
time=2026-03-11T12:14:35.440+03:00 level=INFO msg="File change detected: %s" !BADKEY=/home/sorcerer/Projects/edu-operations-research-practice/.beads/issues.jsonl
time=2026-03-11T12:14:35.445+03:00 level=INFO msg="Imported from JSONL"
time=2026-03-11T12:14:35.447+03:00 level=INFO msg="Auto-import complete"
time=2026-03-11T12:14:35.702+03:00 level=INFO msg="Export triggered by mutation events"
time=2026-03-11T12:14:35.702+03:00 level=INFO msg="Starting %s..." !BADKEY=export
time=2026-03-11T12:14:35.702+03:00 level=INFO msg="Pre-export validation failed: %v" !BADKEY="refusing to export: JSONL content has changed since last import (import first to avoid data loss)"
time=2026-03-11T12:14:36.441+03:00 level=INFO msg="Import triggered by file change"
time=2026-03-11T12:14:36.441+03:00 level=INFO msg="Starting %s..." !BADKEY=auto-import
time=2026-03-11T12:14:36.442+03:00 level=INFO msg="JSONL content changed, proceeding with %s..." !BADKEY=auto-import
time=2026-03-11T12:14:36.446+03:00 level=INFO msg="⚠️  WARNING: Uncommitted local changes detected in %s" !BADKEY=/home/sorcerer/Projects/edu-operations-research-practice/.beads/issues.jsonl
time=2026-03-11T12:14:36.446+03:00 level=INFO msg="   Pulling from remote may overwrite local unpushed changes."
time=2026-03-11T12:14:36.446+03:00 level=INFO msg="   Consider running 'bd sync' to commit and push your changes first."
time=2026-03-11T12:14:37.338+03:00 level=INFO msg="Pulled sync branch %s" !BADKEY=main
time=2026-03-11T12:14:37.339+03:00 level=INFO msg="Synced JSONL from sync branch to main repo"
time=2026-03-11T12:14:37.339+03:00 level=INFO msg="File change detected: %s" !BADKEY=/home/sorcerer/Projects/edu-operations-research-practice/.beads/issues.jsonl
time=2026-03-11T12:14:37.341+03:00 level=INFO msg="Imported from JSONL"
time=2026-03-11T12:14:37.342+03:00 level=INFO msg="Auto-import complete"
time=2026-03-11T12:14:38.340+03:00 level=INFO msg="Import triggered by file change"
time=2026-03-11T12:14:38.341+03:00 level=INFO msg="Starting %s..." !BADKEY=auto-import
time=2026-03-11T12:14:38.341+03:00 level=INFO msg="JSONL content changed, proceeding with %s..." !BADKEY=auto-import
time=2026-03-11T12:14:38.342+03:00 level=INFO msg="⚠️  WARNING: Uncommitted local changes detected in %s" !BADKEY=/home/sorcerer/Projects/edu-operations-research-practice/.beads/issues.jsonl
time=2026-03-11T12:14:38.342+03:00 level=INFO msg="   Pulling from remote may overwrite local unpushed changes."
time=2026-03-11T12:14:38.342+03:00 level=INFO msg="   Consider running 'bd sync' to commit and push your changes first."
time=2026-03-11T12:14:39.218+03:00 level=INFO msg="Pulled sync branch %s" !BADKEY=main
time=2026-03-11T12:14:39.219+03:00 level=INFO msg="File change detected: %s" !BADKEY=/home/sorcerer/Projects/edu-operations-research-practice/.beads/issues.jsonl
time=2026-03-11T12:14:39.219+03:00 level=INFO msg="Synced JSONL from sync branch to main repo"
time=2026-03-11T12:14:39.223+03:00 level=INFO msg="Imported from JSONL"
time=2026-03-11T12:14:39.223+03:00 level=INFO msg="Auto-import complete"
time=2026-03-11T12:14:40.220+03:00 level=INFO msg="Import triggered by file change"
time=2026-03-11T12:14:40.220+03:00 level=INFO msg="Starting %s..." !BADKEY=auto-import
time=2026-03-11T12:14:40.221+03:00 level=INFO msg="JSONL content changed, proceeding with %s..." !BADKEY=auto-import
time=2026-03-11T12:14:40.222+03:00 level=INFO msg="⚠️  WARNING: Uncommitted local changes detected in %s" !BADKEY=/home/sorcerer/Projects/edu-operations-research-practice/.beads/issues.jsonl
time=2026-03-11T12:14:40.222+03:00 level=INFO msg="   Pulling from remote may overwrite local unpushed changes."
time=2026-03-11T12:14:40.222+03:00 level=INFO msg="   Consider running 'bd sync' to commit and push your changes first."
time=2026-03-11T12:14:41.252+03:00 level=INFO msg="Pulled sync branch %s" !BADKEY=main
time=2026-03-11T12:14:41.252+03:00 level=INFO msg="Synced JSONL from sync branch to main repo"
time=2026-03-11T12:14:41.252+03:00 level=INFO msg="File change detected: %s" !BADKEY=/home/sorcerer/Projects/edu-operations-research-practice/.beads/issues.jsonl
time=2026-03-11T12:14:41.254+03:00 level=INFO msg="Imported from JSONL"
time=2026-03-11T12:14:41.255+03:00 level=INFO msg="Auto-import complete"
time=2026-03-11T12:14:42.254+03:00 level=INFO msg="Import triggered by file change"
time=2026-03-11T12:14:42.254+03:00 level=INFO msg="Starting %s..." !BADKEY=auto-import
time=2026-03-11T12:14:42.254+03:00 level=INFO msg="JSONL content changed, proceeding with %s..." !BADKEY=auto-import
time=2026-03-11T12:14:42.257+03:00 level=INFO msg="⚠️  WARNING: Uncommitted local changes detected in %s" !BADKEY=/home/sorcerer/Projects/edu-operations-research-practice/.beads/issues.jsonl
time=2026-03-11T12:14:42.257+03:00 level=INFO msg="   Pulling from remote may overwrite local unpushed changes."
time=2026-03-11T12:14:42.257+03:00 level=INFO msg="   Consider running 'bd sync' to commit and push your changes first."
time=2026-03-11T12:14:43.026+03:00 level=INFO msg="Pulled sync branch %s" !BADKEY=main
time=2026-03-11T12:14:43.026+03:00 level=INFO msg="Synced JSONL from sync branch to main repo"
time=2026-03-11T12:14:43.026+03:00 level=INFO msg="File change detected: %s" !BADKEY=/home/sorcerer/Projects/edu-operations-research-practice/.beads/issues.jsonl
time=2026-03-11T12:14:43.031+03:00 level=INFO msg="Imported from JSONL"
time=2026-03-11T12:14:43.031+03:00 level=INFO msg="Auto-import complete"
time=2026-03-11T12:14:44.028+03:00 level=INFO msg="Import triggered by file change"
time=2026-03-11T12:14:44.029+03:00 level=INFO msg="Starting %s..." !BADKEY=auto-import
time=2026-03-11T12:14:44.029+03:00 level=INFO msg="JSONL content changed, proceeding with %s..." !BADKEY=auto-import
time=2026-03-11T12:14:44.033+03:00 level=INFO msg="⚠️  WARNING: Uncommitted local changes detected in %s" !BADKEY=/home/sorcerer/Projects/edu-operations-research-practice/.beads/issues.jsonl
time=2026-03-11T12:14:44.033+03:00 level=INFO msg="   Pulling from remote may overwrite local unpushed changes."
time=2026-03-11T12:14:44.033+03:00 level=INFO msg="   Consider running 'bd sync' to commit and push your changes first."
time=2026-03-11T12:14:44.935+03:00 level=INFO msg="Pulled sync branch %s" !BADKEY=main
time=2026-03-11T12:14:44.935+03:00 level=INFO msg="Synced JSONL from sync branch to main repo"
time=2026-03-11T12:14:44.935+03:00 level=INFO msg="File change detected: %s" !BADKEY=/home/sorcerer/Projects/edu-operations-research-practice/.beads/issues.jsonl
time=2026-03-11T12:14:44.938+03:00 level=INFO msg="Imported from JSONL"
time=2026-03-11T12:14:44.938+03:00 level=INFO msg="Auto-import complete"
time=2026-03-11T12:14:45.936+03:00 level=INFO msg="Import triggered by file change"
time=2026-03-11T12:14:45.937+03:00 level=INFO msg="Starting %s..." !BADKEY=auto-import
time=2026-03-11T12:14:45.937+03:00 level=INFO msg="JSONL content changed, proceeding with %s..." !BADKEY=auto-import
time=2026-03-11T12:14:45.939+03:00 level=INFO msg="⚠️  WARNING: Uncommitted local changes detected in %s" !BADKEY=/home/sorcerer/Projects/edu-operations-research-practice/.beads/issues.jsonl
time=2026-03-11T12:14:45.939+03:00 level=INFO msg="   Pulling from remote may overwrite local unpushed changes."
time=2026-03-11T12:14:45.939+03:00 level=INFO msg="   Consider running 'bd sync' to commit and push your changes first."
time=2026-03-11T12:14:46.746+03:00 level=INFO msg="Pulled sync branch %s" !BADKEY=main
time=2026-03-11T12:14:46.746+03:00 level=INFO msg="Synced JSONL from sync branch to main repo"
time=2026-03-11T12:14:46.746+03:00 level=INFO msg="File change detected: %s" !BADKEY=/home/sorcerer/Projects/edu-operations-research-practice/.beads/issues.jsonl
time=2026-03-11T12:14:46.749+03:00 level=INFO msg="Imported from JSONL"
time=2026-03-11T12:14:46.749+03:00 level=INFO msg="Auto-import complete"
time=2026-03-11T12:14:47.748+03:00 level=INFO msg="Import triggered by file change"
time=2026-03-11T12:14:47.748+03:00 level=INFO msg="Starting %s..." !BADKEY=auto-import
time=2026-03-11T12:14:47.749+03:00 level=INFO msg="JSONL content changed, proceeding with %s..." !BADKEY=auto-import
time=2026-03-11T12:14:47.752+03:00 level=INFO msg="⚠️  WARNING: Uncommitted local changes detected in %s" !BADKEY=/home/sorcerer/Projects/edu-operations-research-practice/.beads/issues.jsonl
time=2026-03-11T12:14:47.752+03:00 level=INFO msg="   Pulling from remote may overwrite local unpushed changes."
time=2026-03-11T12:14:47.752+03:00 level=INFO msg="   Consider running 'bd sync' to commit and push your changes first."
time=2026-03-11T12:14:48.519+03:00 level=INFO msg="Pulled sync branch %s" !BADKEY=main
time=2026-03-11T12:14:48.520+03:00 level=INFO msg="File change detected: %s" !BADKEY=/home/sorcerer/Projects/edu-operations-research-practice/.beads/issues.jsonl
time=2026-03-11T12:14:48.520+03:00 level=INFO msg="Synced JSONL from sync branch to main repo"
time=2026-03-11T12:14:48.521+03:00 level=INFO msg="Imported from JSONL"
time=2026-03-11T12:14:48.522+03:00 level=INFO msg="Auto-import complete"
time=2026-03-11T12:14:49.521+03:00 level=INFO msg="Import triggered by file change"
time=2026-03-11T12:14:49.521+03:00 level=INFO msg="Starting %s..." !BADKEY=auto-import
time=2026-03-11T12:14:49.522+03:00 level=INFO msg="JSONL content changed, proceeding with %s..." !BADKEY=auto-import
time=2026-03-11T12:14:49.524+03:00 level=INFO msg="⚠️  WARNING: Uncommitted local changes detected in %s" !BADKEY=/home/sorcerer/Projects/edu-operations-research-practice/.beads/issues.jsonl
time=2026-03-11T12:14:49.524+03:00 level=INFO msg="   Pulling from remote may overwrite local unpushed changes."
time=2026-03-11T12:14:49.524+03:00 level=INFO msg="   Consider running 'bd sync' to commit and push your changes first."
time=2026-03-11T12:14:50.258+03:00 level=INFO msg="Pulled sync branch %s" !BADKEY=main
time=2026-03-11T12:14:50.259+03:00 level=INFO msg="Synced JSONL from sync branch to main repo"
time=2026-03-11T12:14:50.259+03:00 level=INFO msg="File change detected: %s" !BADKEY=/home/sorcerer/Projects/edu-operations-research-practice/.beads/issues.jsonl
time=2026-03-11T12:14:50.261+03:00 level=INFO msg="Imported from JSONL"
time=2026-03-11T12:14:50.261+03:00 level=INFO msg="Auto-import complete"
time=2026-03-11T12:14:51.260+03:00 level=INFO msg="Import triggered by file change"
time=2026-03-11T12:14:51.261+03:00 level=INFO msg="Starting %s..." !BADKEY=auto-import
time=2026-03-11T12:14:51.261+03:00 level=INFO msg="JSONL content changed, proceeding with %s..." !BADKEY=auto-import
time=2026-03-11T12:14:51.263+03:00 level=INFO msg="⚠️  WARNING: Uncommitted local changes detected in %s" !BADKEY=/home/sorcerer/Projects/edu-operations-research-practice/.beads/issues.jsonl
time=2026-03-11T12:14:51.263+03:00 level=INFO msg="   Pulling from remote may overwrite local unpushed changes."
time=2026-03-11T12:14:51.263+03:00 level=INFO msg="   Consider running 'bd sync' to commit and push your changes first."
time=2026-03-11T12:14:51.653+03:00 level=INFO msg="Git ref change detected: %s" !BADKEY=/home/sorcerer/Projects/edu-operations-research-practice/.git/refs/heads/main.lock
time=2026-03-11T12:14:52.032+03:00 level=INFO msg="Pulled sync branch %s" !BADKEY=main
time=2026-03-11T12:14:52.032+03:00 level=INFO msg="Synced JSONL from sync branch to main repo"
time=2026-03-11T12:14:52.032+03:00 level=INFO msg="File change detected: %s" !BADKEY=/home/sorcerer/Projects/edu-operations-research-practice/.beads/issues.jsonl
time=2026-03-11T12:14:52.035+03:00 level=INFO msg="Imported from JSONL"
time=2026-03-11T12:14:52.036+03:00 level=INFO msg="Auto-import complete"
time=2026-03-11T12:14:53.034+03:00 level=INFO msg="Import triggered by file change"
time=2026-03-11T12:14:53.034+03:00 level=INFO msg="Starting %s..." !BADKEY=auto-import
time=2026-03-11T12:14:53.034+03:00 level=INFO msg="JSONL content changed, proceeding with %s..." !BADKEY=auto-import
time=2026-03-11T12:14:54.133+03:00 level=INFO msg="Pulled sync branch %s" !BADKEY=main
time=2026-03-11T12:14:54.133+03:00 level=INFO msg="Synced JSONL from sync branch to main repo"
time=2026-03-11T12:14:54.133+03:00 level=INFO msg="File change detected: %s" !BADKEY=/home/sorcerer/Projects/edu-operations-research-practice/.beads/issues.jsonl
time=2026-03-11T12:14:54.135+03:00 level=INFO msg="Imported from JSONL"
time=2026-03-11T12:14:54.136+03:00 level=INFO msg="Auto-import complete"
time=2026-03-11T12:14:55.134+03:00 level=INFO msg="Import triggered by file change"
time=2026-03-11T12:14:55.134+03:00 level=INFO msg="Starting %s..." !BADKEY=auto-import
time=2026-03-11T12:14:55.134+03:00 level=INFO msg="JSONL content changed, proceeding with %s..." !BADKEY=auto-import
time=2026-03-11T12:14:55.868+03:00 level=INFO msg="Pulled sync branch %s" !BADKEY=main
time=2026-03-11T12:14:55.868+03:00 level=INFO msg="Synced JSONL from sync branch to main repo"
time=2026-03-11T12:14:55.868+03:00 level=INFO msg="File change detected: %s" !BADKEY=/home/sorcerer/Projects/edu-operations-research-practice/.beads/issues.jsonl
time=2026-03-11T12:14:55.871+03:00 level=INFO msg="Imported from JSONL"
time=2026-03-11T12:14:55.871+03:00 level=INFO msg="Auto-import complete"
time=2026-03-11T12:14:56.870+03:00 level=INFO msg="Import triggered by file change"
time=2026-03-11T12:14:56.870+03:00 level=INFO msg="Starting %s..." !BADKEY=auto-import
time=2026-03-11T12:14:56.870+03:00 level=INFO msg="JSONL content changed, proceeding with %s..." !BADKEY=auto-import
time=2026-03-11T12:14:57.274+03:00 level=INFO msg="Mutation detected: %s %s" status=eorp-uxf
time=2026-03-11T12:14:57.774+03:00 level=INFO msg="Export triggered by mutation events"
time=2026-03-11T12:14:57.774+03:00 level=INFO msg="Starting %s..." !BADKEY=export
time=2026-03-11T12:14:57.777+03:00 level=INFO msg="Exported to JSONL"
time=2026-03-11T12:14:57.777+03:00 level=INFO msg="Export complete"
time=2026-03-11T12:14:57.777+03:00 level=INFO msg="JSONL file created: %s" !BADKEY=/home/sorcerer/Projects/edu-operations-research-practice/.beads/issues.jsonl
time=2026-03-11T12:14:57.783+03:00 level=INFO msg="Pulled sync branch %s" !BADKEY=main
time=2026-03-11T12:14:57.784+03:00 level=INFO msg="File change detected: %s" !BADKEY=/home/sorcerer/Projects/edu-operations-research-practice/.beads/issues.jsonl
time=2026-03-11T12:14:57.784+03:00 level=INFO msg="Synced JSONL from sync branch to main repo"
time=2026-03-11T12:14:57.789+03:00 level=INFO msg="Imported from JSONL"
time=2026-03-11T12:14:57.791+03:00 level=INFO msg="Auto-import complete"
time=2026-03-11T12:14:58.785+03:00 level=INFO msg="Import triggered by file change"
time=2026-03-11T12:14:58.785+03:00 level=INFO msg="Starting %s..." !BADKEY=auto-import
time=2026-03-11T12:14:58.785+03:00 level=INFO msg="Skipping %s: JSONL content unchanged" !BADKEY=auto-import
time=2026-03-11T12:15:14.656+03:00 level=INFO msg="File change detected: %s" !BADKEY=/home/sorcerer/Projects/edu-operations-research-practice/.beads/issues.jsonl
time=2026-03-11T12:15:14.659+03:00 level=INFO msg="JSONL file created: %s" !BADKEY=/home/sorcerer/Projects/edu-operations-research-practice/.beads/issues.jsonl
time=2026-03-11T12:15:14.819+03:00 level=INFO msg="JSONL file created: %s" !BADKEY=/home/sorcerer/Projects/edu-operations-research-practice/.beads/issues.jsonl
time=2026-03-11T12:15:15.596+03:00 level=INFO msg="Git ref change detected: %s" !BADKEY=/home/sorcerer/Projects/edu-operations-research-practice/.git/refs/heads/main.lock
time=2026-03-11T12:15:15.821+03:00 level=INFO msg="Import triggered by file change"
time=2026-03-11T12:15:15.821+03:00 level=INFO msg="Starting %s..." !BADKEY=auto-import
time=2026-03-11T12:15:15.821+03:00 level=INFO msg="JSONL content changed, proceeding with %s..." !BADKEY=auto-import
time=2026-03-11T12:15:15.823+03:00 level=INFO msg="⚠️  WARNING: Uncommitted local changes detected in %s" !BADKEY=/home/sorcerer/Projects/edu-operations-research-practice/.beads/issues.jsonl
time=2026-03-11T12:15:15.823+03:00 level=INFO msg="   Pulling from remote may overwrite local unpushed changes."
time=2026-03-11T12:15:15.823+03:00 level=INFO msg="   Consider running 'bd sync' to commit and push your changes first."
time=2026-03-11T12:15:16.598+03:00 level=INFO msg="Import triggered by file change"
time=2026-03-11T12:15:16.598+03:00 level=INFO msg="Starting %s..." !BADKEY=auto-import
time=2026-03-11T12:15:16.598+03:00 level=INFO msg="JSONL content changed, proceeding with %s..." !BADKEY=auto-import
time=2026-03-11T12:15:16.600+03:00 level=INFO msg="⚠️  WARNING: Uncommitted local changes detected in %s" !BADKEY=/home/sorcerer/Projects/edu-operations-research-practice/.beads/issues.jsonl
time=2026-03-11T12:15:16.600+03:00 level=INFO msg="   Pulling from remote may overwrite local unpushed changes."
time=2026-03-11T12:15:16.600+03:00 level=INFO msg="   Consider running 'bd sync' to commit and push your changes first."
time=2026-03-11T12:15:16.695+03:00 level=INFO msg="Pulled sync branch %s" !BADKEY=main
time=2026-03-11T12:15:16.695+03:00 level=INFO msg="File change detected: %s" !BADKEY=/home/sorcerer/Projects/edu-operations-research-practice/.beads/issues.jsonl
time=2026-03-11T12:15:16.695+03:00 level=INFO msg="Synced JSONL from sync branch to main repo"
time=2026-03-11T12:15:16.702+03:00 level=INFO msg="Imported from JSONL"
time=2026-03-11T12:15:16.704+03:00 level=INFO msg="Auto-import complete"
time=2026-03-11T12:15:17.399+03:00 level=INFO msg="Pulled sync branch %s" !BADKEY=main
time=2026-03-11T12:15:17.399+03:00 level=INFO msg="File change detected: %s" !BADKEY=/home/sorcerer/Projects/edu-operations-research-practice/.beads/issues.jsonl
time=2026-03-11T12:15:17.399+03:00 level=INFO msg="Synced JSONL from sync branch to main repo"
time=2026-03-11T12:15:17.403+03:00 level=INFO msg="Imported from JSONL"
time=2026-03-11T12:15:17.403+03:00 level=INFO msg="Auto-import complete"
time=2026-03-11T12:15:17.696+03:00 level=INFO msg="Import triggered by file change"
time=2026-03-11T12:15:17.696+03:00 level=INFO msg="Starting %s..." !BADKEY=auto-import
time=2026-03-11T12:15:17.696+03:00 level=INFO msg="JSONL content changed, proceeding with %s..." !BADKEY=auto-import
time=2026-03-11T12:15:17.698+03:00 level=INFO msg="⚠️  WARNING: Uncommitted local changes detected in %s" !BADKEY=/home/sorcerer/Projects/edu-operations-research-practice/.beads/issues.jsonl
time=2026-03-11T12:15:17.698+03:00 level=INFO msg="   Pulling from remote may overwrite local unpushed changes."
time=2026-03-11T12:15:17.698+03:00 level=INFO msg="   Consider running 'bd sync' to commit and push your changes first."
time=2026-03-11T12:15:18.400+03:00 level=INFO msg="Import triggered by file change"
time=2026-03-11T12:15:18.400+03:00 level=INFO msg="Starting %s..." !BADKEY=auto-import
time=2026-03-11T12:15:18.401+03:00 level=INFO msg="JSONL content changed, proceeding with %s..." !BADKEY=auto-import
time=2026-03-11T12:15:18.405+03:00 level=INFO msg="⚠️  WARNING: Uncommitted local changes detected in %s" !BADKEY=/home/sorcerer/Projects/edu-operations-research-practice/.beads/issues.jsonl
time=2026-03-11T12:15:18.405+03:00 level=INFO msg="   Pulling from remote may overwrite local unpushed changes."
time=2026-03-11T12:15:18.405+03:00 level=INFO msg="   Consider running 'bd sync' to commit and push your changes first."
time=2026-03-11T12:15:18.638+03:00 level=INFO msg="Pulled sync branch %s" !BADKEY=main
time=2026-03-11T12:15:18.638+03:00 level=INFO msg="Synced JSONL from sync branch to main repo"
time=2026-03-11T12:15:18.638+03:00 level=INFO msg="File change detected: %s" !BADKEY=/home/sorcerer/Projects/edu-operations-research-practice/.beads/issues.jsonl
time=2026-03-11T12:15:18.641+03:00 level=INFO msg="Imported from JSONL"
time=2026-03-11T12:15:18.641+03:00 level=INFO msg="Auto-import complete"
time=2026-03-11T12:15:19.600+03:00 level=INFO msg="Pulled sync branch %s" !BADKEY=main
time=2026-03-11T12:15:19.600+03:00 level=INFO msg="Synced JSONL from sync branch to main repo"
time=2026-03-11T12:15:19.600+03:00 level=INFO msg="File change detected: %s" !BADKEY=/home/sorcerer/Projects/edu-operations-research-practice/.beads/issues.jsonl
time=2026-03-11T12:15:19.603+03:00 level=INFO msg="Imported from JSONL"
time=2026-03-11T12:15:19.603+03:00 level=INFO msg="Auto-import complete"
time=2026-03-11T12:15:19.639+03:00 level=INFO msg="Import triggered by file change"
time=2026-03-11T12:15:19.639+03:00 level=INFO msg="Starting %s..." !BADKEY=auto-import
time=2026-03-11T12:15:19.639+03:00 level=INFO msg="JSONL content changed, proceeding with %s..." !BADKEY=auto-import
time=2026-03-11T12:15:19.641+03:00 level=INFO msg="⚠️  WARNING: Uncommitted local changes detected in %s" !BADKEY=/home/sorcerer/Projects/edu-operations-research-practice/.beads/issues.jsonl
time=2026-03-11T12:15:19.641+03:00 level=INFO msg="   Pulling from remote may overwrite local unpushed changes."
time=2026-03-11T12:15:19.641+03:00 level=INFO msg="   Consider running 'bd sync' to commit and push your changes first."
time=2026-03-11T12:15:20.602+03:00 level=INFO msg="Import triggered by file change"
time=2026-03-11T12:15:20.602+03:00 level=INFO msg="Starting %s..." !BADKEY=auto-import
time=2026-03-11T12:15:20.602+03:00 level=INFO msg="JSONL content changed, proceeding with %s..." !BADKEY=auto-import
time=2026-03-11T12:15:20.607+03:00 level=INFO msg="⚠️  WARNING: Uncommitted local changes detected in %s" !BADKEY=/home/sorcerer/Projects/edu-operations-research-practice/.beads/issues.jsonl
time=2026-03-11T12:15:20.607+03:00 level=INFO msg="   Pulling from remote may overwrite local unpushed changes."
time=2026-03-11T12:15:20.607+03:00 level=INFO msg="   Consider running 'bd sync' to commit and push your changes first."
time=2026-03-11T12:15:20.770+03:00 level=INFO msg="Pulled sync branch %s" !BADKEY=main
time=2026-03-11T12:15:20.771+03:00 level=INFO msg="File change detected: %s" !BADKEY=/home/sorcerer/Projects/edu-operations-research-practice/.beads/issues.jsonl
time=2026-03-11T12:15:20.771+03:00 level=INFO msg="Synced JSONL from sync branch to main repo"
time=2026-03-11T12:15:20.776+03:00 level=INFO msg="Imported from JSONL"
time=2026-03-11T12:15:20.777+03:00 level=INFO msg="Auto-import complete"
time=2026-03-11T12:15:21.358+03:00 level=INFO msg="Pulled sync branch %s" !BADKEY=main
time=2026-03-11T12:15:21.358+03:00 level=INFO msg="File change detected: %s" !BADKEY=/home/sorcerer/Projects/edu-operations-research-practice/.beads/issues.jsonl
time=2026-03-11T12:15:21.358+03:00 level=INFO msg="Synced JSONL from sync branch to main repo"
time=2026-03-11T12:15:21.362+03:00 level=INFO msg="Imported from JSONL"
time=2026-03-11T12:15:21.362+03:00 level=INFO msg="Auto-import complete"
time=2026-03-11T12:15:21.772+03:00 level=INFO msg="Import triggered by file change"
time=2026-03-11T12:15:21.772+03:00 level=INFO msg="Starting %s..." !BADKEY=auto-import
time=2026-03-11T12:15:21.773+03:00 level=INFO msg="JSONL content changed, proceeding with %s..." !BADKEY=auto-import
time=2026-03-11T12:15:21.775+03:00 level=INFO msg="⚠️  WARNING: Uncommitted local changes detected in %s" !BADKEY=/home/sorcerer/Projects/edu-operations-research-practice/.beads/issues.jsonl
time=2026-03-11T12:15:21.775+03:00 level=INFO msg="   Pulling from remote may overwrite local unpushed changes."
time=2026-03-11T12:15:21.775+03:00 level=INFO msg="   Consider running 'bd sync' to commit and push your changes first."
time=2026-03-11T12:15:22.360+03:00 level=INFO msg="Import triggered by file change"
time=2026-03-11T12:15:22.360+03:00 level=INFO msg="Starting %s..." !BADKEY=auto-import
time=2026-03-11T12:15:22.360+03:00 level=INFO msg="JSONL content changed, proceeding with %s..." !BADKEY=auto-import
time=2026-03-11T12:15:22.365+03:00 level=INFO msg="⚠️  WARNING: Uncommitted local changes detected in %s" !BADKEY=/home/sorcerer/Projects/edu-operations-research-practice/.beads/issues.jsonl
time=2026-03-11T12:15:22.365+03:00 level=INFO msg="   Pulling from remote may overwrite local unpushed changes."
time=2026-03-11T12:15:22.365+03:00 level=INFO msg="   Consider running 'bd sync' to commit and push your changes first."
time=2026-03-11T12:15:22.529+03:00 level=INFO msg="Pulled sync branch %s" !BADKEY=main
time=2026-03-11T12:15:22.530+03:00 level=INFO msg="File change detected: %s" !BADKEY=/home/sorcerer/Projects/edu-operations-research-practice/.beads/issues.jsonl
time=2026-03-11T12:15:22.530+03:00 level=INFO msg="Synced JSONL from sync branch to main repo"
time=2026-03-11T12:15:22.534+03:00 level=INFO msg="Imported from JSONL"
time=2026-03-11T12:15:22.534+03:00 level=INFO msg="Auto-import complete"
time=2026-03-11T12:15:23.218+03:00 level=INFO msg="Pulled sync branch %s" !BADKEY=main
time=2026-03-11T12:15:23.218+03:00 level=INFO msg="Synced JSONL from sync branch to main repo"
time=2026-03-11T12:15:23.218+03:00 level=INFO msg="File change detected: %s" !BADKEY=/home/sorcerer/Projects/edu-operations-research-practice/.beads/issues.jsonl
time=2026-03-11T12:15:23.222+03:00 level=INFO msg="Imported from JSONL"
time=2026-03-11T12:15:23.223+03:00 level=INFO msg="Auto-import complete"
time=2026-03-11T12:15:23.531+03:00 level=INFO msg="Import triggered by file change"
time=2026-03-11T12:15:23.532+03:00 level=INFO msg="Starting %s..." !BADKEY=auto-import
time=2026-03-11T12:15:23.532+03:00 level=INFO msg="JSONL content changed, proceeding with %s..." !BADKEY=auto-import
time=2026-03-11T12:15:23.536+03:00 level=INFO msg="⚠️  WARNING: Uncommitted local changes detected in %s" !BADKEY=/home/sorcerer/Projects/edu-operations-research-practice/.beads/issues.jsonl
time=2026-03-11T12:15:23.536+03:00 level=INFO msg="   Pulling from remote may overwrite local unpushed changes."
time=2026-03-11T12:15:23.536+03:00 level=INFO msg="   Consider running 'bd sync' to commit and push your changes first."
time=2026-03-11T12:15:24.221+03:00 level=INFO msg="Import triggered by file change"
time=2026-03-11T12:15:24.221+03:00 level=INFO msg="Starting %s..." !BADKEY=auto-import
time=2026-03-11T12:15:24.221+03:00 level=INFO msg="JSONL content changed, proceeding with %s..." !BADKEY=auto-import
time=2026-03-11T12:15:24.224+03:00 level=INFO msg="⚠️  WARNING: Uncommitted local changes detected in %s" !BADKEY=/home/sorcerer/Projects/edu-operations-research-practice/.beads/issues.jsonl
time=2026-03-11T12:15:24.224+03:00 level=INFO msg="   Pulling from remote may overwrite local unpushed changes."
time=2026-03-11T12:15:24.224+03:00 level=INFO msg="   Consider running 'bd sync' to commit and push your changes first."
time=2026-03-11T12:15:25.128+03:00 level=INFO msg="Pulled sync branch %s" !BADKEY=main
time=2026-03-11T12:15:25.129+03:00 level=INFO msg="File change detected: %s" !BADKEY=/home/sorcerer/Projects/edu-operations-research-practice/.beads/issues.jsonl
time=2026-03-11T12:15:25.129+03:00 level=INFO msg="Synced JSONL from sync branch to main repo"
time=2026-03-11T12:15:25.135+03:00 level=INFO msg="Imported from JSONL"
time=2026-03-11T12:15:25.136+03:00 level=INFO msg="Auto-import complete"
time=2026-03-11T12:15:25.612+03:00 level=INFO msg="Pulled sync branch %s" !BADKEY=main
time=2026-03-11T12:15:25.612+03:00 level=INFO msg="Synced JSONL from sync branch to main repo"
time=2026-03-11T12:15:25.619+03:00 level=INFO msg="Imported from JSONL"
time=2026-03-11T12:15:25.620+03:00 level=INFO msg="Auto-import complete"
time=2026-03-11T12:15:26.614+03:00 level=INFO msg="Import triggered by file change"
time=2026-03-11T12:15:26.615+03:00 level=INFO msg="Starting %s..." !BADKEY=auto-import
time=2026-03-11T12:15:26.615+03:00 level=INFO msg="JSONL content changed, proceeding with %s..." !BADKEY=auto-import
time=2026-03-11T12:15:26.620+03:00 level=INFO msg="⚠️  WARNING: Uncommitted local changes detected in %s" !BADKEY=/home/sorcerer/Projects/edu-operations-research-practice/.beads/issues.jsonl
time=2026-03-11T12:15:26.620+03:00 level=INFO msg="   Pulling from remote may overwrite local unpushed changes."
time=2026-03-11T12:15:26.620+03:00 level=INFO msg="   Consider running 'bd sync' to commit and push your changes first."
time=2026-03-11T12:15:27.437+03:00 level=INFO msg="Pulled sync branch %s" !BADKEY=main
time=2026-03-11T12:15:27.437+03:00 level=INFO msg="File change detected: %s" !BADKEY=/home/sorcerer/Projects/edu-operations-research-practice/.beads/issues.jsonl
time=2026-03-11T12:15:27.437+03:00 level=INFO msg="Synced JSONL from sync branch to main repo"
time=2026-03-11T12:15:27.441+03:00 level=INFO msg="Imported from JSONL"
time=2026-03-11T12:15:27.441+03:00 level=INFO msg="Auto-import complete"
time=2026-03-11T12:15:28.438+03:00 level=INFO msg="Import triggered by file change"
time=2026-03-11T12:15:28.439+03:00 level=INFO msg="Starting %s..." !BADKEY=auto-import
time=2026-03-11T12:15:28.439+03:00 level=INFO msg="JSONL content changed, proceeding with %s..." !BADKEY=auto-import
time=2026-03-11T12:15:28.440+03:00 level=INFO msg="⚠️  WARNING: Uncommitted local changes detected in %s" !BADKEY=/home/sorcerer/Projects/edu-operations-research-practice/.beads/issues.jsonl
time=2026-03-11T12:15:28.440+03:00 level=INFO msg="   Pulling from remote may overwrite local unpushed changes."
time=2026-03-11T12:15:28.440+03:00 level=INFO msg="   Consider running 'bd sync' to commit and push your changes first."
time=2026-03-11T12:15:29.536+03:00 level=INFO msg="Pulled sync branch %s" !BADKEY=main
time=2026-03-11T12:15:29.536+03:00 level=INFO msg="File change detected: %s" !BADKEY=/home/sorcerer/Projects/edu-operations-research-practice/.beads/issues.jsonl
time=2026-03-11T12:15:29.536+03:00 level=INFO msg="Synced JSONL from sync branch to main repo"
time=2026-03-11T12:15:29.541+03:00 level=INFO msg="Imported from JSONL"
time=2026-03-11T12:15:29.541+03:00 level=INFO msg="Auto-import complete"
time=2026-03-11T12:15:30.538+03:00 level=INFO msg="Import triggered by file change"
time=2026-03-11T12:15:30.538+03:00 level=INFO msg="Starting %s..." !BADKEY=auto-import
time=2026-03-11T12:15:30.539+03:00 level=INFO msg="JSONL content changed, proceeding with %s..." !BADKEY=auto-import
time=2026-03-11T12:15:30.540+03:00 level=INFO msg="⚠️  WARNING: Uncommitted local changes detected in %s" !BADKEY=/home/sorcerer/Projects/edu-operations-research-practice/.beads/issues.jsonl
time=2026-03-11T12:15:30.540+03:00 level=INFO msg="   Pulling from remote may overwrite local unpushed changes."
time=2026-03-11T12:15:30.540+03:00 level=INFO msg="   Consider running 'bd sync' to commit and push your changes first."
time=2026-03-11T12:15:31.461+03:00 level=INFO msg="Pulled sync branch %s" !BADKEY=main
time=2026-03-11T12:15:31.461+03:00 level=INFO msg="File change detected: %s" !BADKEY=/home/sorcerer/Projects/edu-operations-research-practice/.beads/issues.jsonl
time=2026-03-11T12:15:31.461+03:00 level=INFO msg="Synced JSONL from sync branch to main repo"
time=2026-03-11T12:15:31.464+03:00 level=INFO msg="Imported from JSONL"
time=2026-03-11T12:15:31.465+03:00 level=INFO msg="Auto-import complete"
time=2026-03-11T12:15:32.463+03:00 level=INFO msg="Import triggered by file change"
time=2026-03-11T12:15:32.464+03:00 level=INFO msg="Starting %s..." !BADKEY=auto-import
time=2026-03-11T12:15:32.464+03:00 level=INFO msg="JSONL content changed, proceeding with %s..." !BADKEY=auto-import
time=2026-03-11T12:15:32.466+03:00 level=INFO msg="⚠️  WARNING: Uncommitted local changes detected in %s" !BADKEY=/home/sorcerer/Projects/edu-operations-research-practice/.beads/issues.jsonl
time=2026-03-11T12:15:32.466+03:00 level=INFO msg="   Pulling from remote may overwrite local unpushed changes."
time=2026-03-11T12:15:32.466+03:00 level=INFO msg="   Consider running 'bd sync' to commit and push your changes first."
time=2026-03-11T12:15:33.342+03:00 level=INFO msg="Pulled sync branch %s" !BADKEY=main
time=2026-03-11T12:15:33.342+03:00 level=INFO msg="Synced JSONL from sync branch to main repo"
time=2026-03-11T12:15:33.343+03:00 level=INFO msg="File change detected: %s" !BADKEY=/home/sorcerer/Projects/edu-operations-research-practice/.beads/issues.jsonl
time=2026-03-11T12:15:33.347+03:00 level=INFO msg="Imported from JSONL"
time=2026-03-11T12:15:33.348+03:00 level=INFO msg="Auto-import complete"
time=2026-03-11T12:15:34.344+03:00 level=INFO msg="Import triggered by file change"
time=2026-03-11T12:15:34.344+03:00 level=INFO msg="Starting %s..." !BADKEY=auto-import
time=2026-03-11T12:15:34.344+03:00 level=INFO msg="JSONL content changed, proceeding with %s..." !BADKEY=auto-import
time=2026-03-11T12:15:34.346+03:00 level=INFO msg="⚠️  WARNING: Uncommitted local changes detected in %s" !BADKEY=/home/sorcerer/Projects/edu-operations-research-practice/.beads/issues.jsonl
time=2026-03-11T12:15:34.346+03:00 level=INFO msg="   Pulling from remote may overwrite local unpushed changes."
time=2026-03-11T12:15:34.346+03:00 level=INFO msg="   Consider running 'bd sync' to commit and push your changes first."
time=2026-03-11T12:15:35.072+03:00 level=INFO msg="Pulled sync branch %s" !BADKEY=main
time=2026-03-11T12:15:35.072+03:00 level=INFO msg="File change detected: %s" !BADKEY=/home/sorcerer/Projects/edu-operations-research-practice/.beads/issues.jsonl
time=2026-03-11T12:15:35.072+03:00 level=INFO msg="Synced JSONL from sync branch to main repo"
time=2026-03-11T12:15:35.075+03:00 level=INFO msg="Imported from JSONL"
time=2026-03-11T12:15:35.076+03:00 level=INFO msg="Auto-import complete"
time=2026-03-11T12:15:36.073+03:00 level=INFO msg="Import triggered by file change"
time=2026-03-11T12:15:36.073+03:00 level=INFO msg="Starting %s..." !BADKEY=auto-import
time=2026-03-11T12:15:36.073+03:00 level=INFO msg="JSONL content changed, proceeding with %s..." !BADKEY=auto-import
time=2026-03-11T12:15:36.075+03:00 level=INFO msg="⚠️  WARNING: Uncommitted local changes detected in %s" !BADKEY=/home/sorcerer/Projects/edu-operations-research-practice/.beads/issues.jsonl
time=2026-03-11T12:15:36.075+03:00 level=INFO msg="   Pulling from remote may overwrite local unpushed changes."
time=2026-03-11T12:15:36.075+03:00 level=INFO msg="   Consider running 'bd sync' to commit and push your changes first."
time=2026-03-11T12:15:36.939+03:00 level=INFO msg="Pulled sync branch %s" !BADKEY=main
time=2026-03-11T12:15:36.940+03:00 level=INFO msg="Synced JSONL from sync branch to main repo"
time=2026-03-11T12:15:36.940+03:00 level=INFO msg="File change detected: %s" !BADKEY=/home/sorcerer/Projects/edu-operations-research-practice/.beads/issues.jsonl
time=2026-03-11T12:15:36.945+03:00 level=INFO msg="Imported from JSONL"
time=2026-03-11T12:15:36.946+03:00 level=INFO msg="Auto-import complete"
time=2026-03-11T12:15:37.941+03:00 level=INFO msg="Import triggered by file change"
time=2026-03-11T12:15:37.941+03:00 level=INFO msg="Starting %s..." !BADKEY=auto-import
time=2026-03-11T12:15:37.943+03:00 level=INFO msg="JSONL content changed, proceeding with %s..." !BADKEY=auto-import
time=2026-03-11T12:15:37.947+03:00 level=INFO msg="⚠️  WARNING: Uncommitted local changes detected in %s" !BADKEY=/home/sorcerer/Projects/edu-operations-research-practice/.beads/issues.jsonl
time=2026-03-11T12:15:37.947+03:00 level=INFO msg="   Pulling from remote may overwrite local unpushed changes."
time=2026-03-11T12:15:37.947+03:00 level=INFO msg="   Consider running 'bd sync' to commit and push your changes first."
time=2026-03-11T12:15:38.790+03:00 level=INFO msg="Pulled sync branch %s" !BADKEY=main
time=2026-03-11T12:15:38.790+03:00 level=INFO msg="Synced JSONL from sync branch to main repo"
time=2026-03-11T12:15:38.790+03:00 level=INFO msg="File change detected: %s" !BADKEY=/home/sorcerer/Projects/edu-operations-research-practice/.beads/issues.jsonl
time=2026-03-11T12:15:38.793+03:00 level=INFO msg="Imported from JSONL"
time=2026-03-11T12:15:38.793+03:00 level=INFO msg="Auto-import complete"
time=2026-03-11T12:15:39.792+03:00 level=INFO msg="Import triggered by file change"
time=2026-03-11T12:15:39.792+03:00 level=INFO msg="Starting %s..." !BADKEY=auto-import
time=2026-03-11T12:15:39.793+03:00 level=INFO msg="JSONL content changed, proceeding with %s..." !BADKEY=auto-import
time=2026-03-11T12:15:39.797+03:00 level=INFO msg="⚠️  WARNING: Uncommitted local changes detected in %s" !BADKEY=/home/sorcerer/Projects/edu-operations-research-practice/.beads/issues.jsonl
time=2026-03-11T12:15:39.797+03:00 level=INFO msg="   Pulling from remote may overwrite local unpushed changes."
time=2026-03-11T12:15:39.797+03:00 level=INFO msg="   Consider running 'bd sync' to commit and push your changes first."
time=2026-03-11T12:15:40.725+03:00 level=INFO msg="Pulled sync branch %s" !BADKEY=main
time=2026-03-11T12:15:40.725+03:00 level=INFO msg="Synced JSONL from sync branch to main repo"
time=2026-03-11T12:15:40.725+03:00 level=INFO msg="File change detected: %s" !BADKEY=/home/sorcerer/Projects/edu-operations-research-practice/.beads/issues.jsonl
time=2026-03-11T12:15:40.735+03:00 level=INFO msg="Imported from JSONL"
time=2026-03-11T12:15:40.736+03:00 level=INFO msg="Auto-import complete"
time=2026-03-11T12:15:41.727+03:00 level=INFO msg="Import triggered by file change"
time=2026-03-11T12:15:41.727+03:00 level=INFO msg="Starting %s..." !BADKEY=auto-import
time=2026-03-11T12:15:41.728+03:00 level=INFO msg="JSONL content changed, proceeding with %s..." !BADKEY=auto-import
time=2026-03-11T12:15:41.731+03:00 level=INFO msg="⚠️  WARNING: Uncommitted local changes detected in %s" !BADKEY=/home/sorcerer/Projects/edu-operations-research-practice/.beads/issues.jsonl
time=2026-03-11T12:15:41.732+03:00 level=INFO msg="   Pulling from remote may overwrite local unpushed changes."
time=2026-03-11T12:15:41.732+03:00 level=INFO msg="   Consider running 'bd sync' to commit and push your changes first."
time=2026-03-11T12:15:42.718+03:00 level=INFO msg="Pulled sync branch %s" !BADKEY=main
time=2026-03-11T12:15:42.718+03:00 level=INFO msg="Synced JSONL from sync branch to main repo"
time=2026-03-11T12:15:42.718+03:00 level=INFO msg="File change detected: %s" !BADKEY=/home/sorcerer/Projects/edu-operations-research-practice/.beads/issues.jsonl
time=2026-03-11T12:15:42.721+03:00 level=INFO msg="Imported from JSONL"
time=2026-03-11T12:15:42.722+03:00 level=INFO msg="Auto-import complete"
time=2026-03-11T12:15:43.718+03:00 level=INFO msg="Import triggered by file change"
time=2026-03-11T12:15:43.718+03:00 level=INFO msg="Starting %s..." !BADKEY=auto-import
time=2026-03-11T12:15:43.719+03:00 level=INFO msg="JSONL content changed, proceeding with %s..." !BADKEY=auto-import
time=2026-03-11T12:15:43.722+03:00 level=INFO msg="⚠️  WARNING: Uncommitted local changes detected in %s" !BADKEY=/home/sorcerer/Projects/edu-operations-research-practice/.beads/issues.jsonl
time=2026-03-11T12:15:43.722+03:00 level=INFO msg="   Pulling from remote may overwrite local unpushed changes."
time=2026-03-11T12:15:43.722+03:00 level=INFO msg="   Consider running 'bd sync' to commit and push your changes first."
time=2026-03-11T12:15:44.444+03:00 level=INFO msg="Pulled sync branch %s" !BADKEY=main
time=2026-03-11T12:15:44.444+03:00 level=INFO msg="File change detected: %s" !BADKEY=/home/sorcerer/Projects/edu-operations-research-practice/.beads/issues.jsonl
time=2026-03-11T12:15:44.444+03:00 level=INFO msg="Synced JSONL from sync branch to main repo"
time=2026-03-11T12:15:44.447+03:00 level=INFO msg="Imported from JSONL"
time=2026-03-11T12:15:44.447+03:00 level=INFO msg="Auto-import complete"
time=2026-03-11T12:15:45.446+03:00 level=INFO msg="Import triggered by file change"
time=2026-03-11T12:15:45.446+03:00 level=INFO msg="Starting %s..." !BADKEY=auto-import
time=2026-03-11T12:15:45.446+03:00 level=INFO msg="JSONL content changed, proceeding with %s..." !BADKEY=auto-import
time=2026-03-11T12:15:45.448+03:00 level=INFO msg="⚠️  WARNING: Uncommitted local changes detected in %s" !BADKEY=/home/sorcerer/Projects/edu-operations-research-practice/.beads/issues.jsonl
time=2026-03-11T12:15:45.448+03:00 level=INFO msg="   Pulling from remote may overwrite local unpushed changes."
time=2026-03-11T12:15:45.448+03:00 level=INFO msg="   Consider running 'bd sync' to commit and push your changes first."
time=2026-03-11T12:15:46.217+03:00 level=INFO msg="Pulled sync branch %s" !BADKEY=main
time=2026-03-11T12:15:46.217+03:00 level=INFO msg="File change detected: %s" !BADKEY=/home/sorcerer/Projects/edu-operations-research-practice/.beads/issues.jsonl
time=2026-03-11T12:15:46.217+03:00 level=INFO msg="Synced JSONL from sync branch to main repo"
time=2026-03-11T12:15:46.221+03:00 level=INFO msg="Imported from JSONL"
time=2026-03-11T12:15:46.221+03:00 level=INFO msg="Auto-import complete"
time=2026-03-11T12:15:47.218+03:00 level=INFO msg="Import triggered by file change"
time=2026-03-11T12:15:47.218+03:00 level=INFO msg="Starting %s..." !BADKEY=auto-import
time=2026-03-11T12:15:47.218+03:00 level=INFO msg="JSONL content changed, proceeding with %s..." !BADKEY=auto-import
time=2026-03-11T12:15:47.220+03:00 level=INFO msg="⚠️  WARNING: Uncommitted local changes detected in %s" !BADKEY=/home/sorcerer/Projects/edu-operations-research-practice/.beads/issues.jsonl
time=2026-03-11T12:15:47.220+03:00 level=INFO msg="   Pulling from remote may overwrite local unpushed changes."
time=2026-03-11T12:15:47.220+03:00 level=INFO msg="   Consider running 'bd sync' to commit and push your changes first."
time=2026-03-11T12:15:48.179+03:00 level=INFO msg="Pulled sync branch %s" !BADKEY=main
time=2026-03-11T12:15:48.179+03:00 level=INFO msg="File change detected: %s" !BADKEY=/home/sorcerer/Projects/edu-operations-research-practice/.beads/issues.jsonl
time=2026-03-11T12:15:48.179+03:00 level=INFO msg="Synced JSONL from sync branch to main repo"
time=2026-03-11T12:15:48.186+03:00 level=INFO msg="Imported from JSONL"
time=2026-03-11T12:15:48.187+03:00 level=INFO msg="Auto-import complete"
time=2026-03-11T12:15:49.181+03:00 level=INFO msg="Import triggered by file change"
time=2026-03-11T12:15:49.181+03:00 level=INFO msg="Starting %s..." !BADKEY=auto-import
time=2026-03-11T12:15:49.181+03:00 level=INFO msg="JSONL content changed, proceeding with %s..." !BADKEY=auto-import
time=2026-03-11T12:15:49.184+03:00 level=INFO msg="⚠️  WARNING: Uncommitted local changes detected in %s" !BADKEY=/home/sorcerer/Projects/edu-operations-research-practice/.beads/issues.jsonl
time=2026-03-11T12:15:49.184+03:00 level=INFO msg="   Pulling from remote may overwrite local unpushed changes."
time=2026-03-11T12:15:49.184+03:00 level=INFO msg="   Consider running 'bd sync' to commit and push your changes first."
time=2026-03-11T12:15:49.915+03:00 level=INFO msg="Pulled sync branch %s" !BADKEY=main
time=2026-03-11T12:15:49.915+03:00 level=INFO msg="Synced JSONL from sync branch to main repo"
time=2026-03-11T12:15:49.915+03:00 level=INFO msg="File change detected: %s" !BADKEY=/home/sorcerer/Projects/edu-operations-research-practice/.beads/issues.jsonl
time=2026-03-11T12:15:49.922+03:00 level=INFO msg="Imported from JSONL"
time=2026-03-11T12:15:49.923+03:00 level=INFO msg="Auto-import complete"
time=2026-03-11T12:15:50.916+03:00 level=INFO msg="Import triggered by file change"
time=2026-03-11T12:15:50.916+03:00 level=INFO msg="Starting %s..." !BADKEY=auto-import
time=2026-03-11T12:15:50.917+03:00 level=INFO msg="JSONL content changed, proceeding with %s..." !BADKEY=auto-import
time=2026-03-11T12:15:50.921+03:00 level=INFO msg="⚠️  WARNING: Uncommitted local changes detected in %s" !BADKEY=/home/sorcerer/Projects/edu-operations-research-practice/.beads/issues.jsonl
time=2026-03-11T12:15:50.921+03:00 level=INFO msg="   Pulling from remote may overwrite local unpushed changes."
time=2026-03-11T12:15:50.921+03:00 level=INFO msg="   Consider running 'bd sync' to commit and push your changes first."
time=2026-03-11T12:15:51.636+03:00 level=INFO msg="Pulled sync branch %s" !BADKEY=main
time=2026-03-11T12:15:51.636+03:00 level=INFO msg="File change detected: %s" !BADKEY=/home/sorcerer/Projects/edu-operations-research-practice/.beads/issues.jsonl
time=2026-03-11T12:15:51.636+03:00 level=INFO msg="Synced JSONL from sync branch to main repo"
time=2026-03-11T12:15:51.641+03:00 level=INFO msg="Imported from JSONL"
time=2026-03-11T12:15:51.641+03:00 level=INFO msg="Auto-import complete"
time=2026-03-11T12:15:52.638+03:00 level=INFO msg="Import triggered by file change"
time=2026-03-11T12:15:52.638+03:00 level=INFO msg="Starting %s..." !BADKEY=auto-import
time=2026-03-11T12:15:52.639+03:00 level=INFO msg="JSONL content changed, proceeding with %s..." !BADKEY=auto-import
time=2026-03-11T12:15:52.643+03:00 level=INFO msg="⚠️  WARNING: Uncommitted local changes detected in %s" !BADKEY=/home/sorcerer/Projects/edu-operations-research-practice/.beads/issues.jsonl
time=2026-03-11T12:15:52.643+03:00 level=INFO msg="   Pulling from remote may overwrite local unpushed changes."
time=2026-03-11T12:15:52.643+03:00 level=INFO msg="   Consider running 'bd sync' to commit and push your changes first."
time=2026-03-11T12:15:53.411+03:00 level=INFO msg="Pulled sync branch %s" !BADKEY=main
time=2026-03-11T12:15:53.411+03:00 level=INFO msg="File change detected: %s" !BADKEY=/home/sorcerer/Projects/edu-operations-research-practice/.beads/issues.jsonl
time=2026-03-11T12:15:53.411+03:00 level=INFO msg="Synced JSONL from sync branch to main repo"
time=2026-03-11T12:15:53.414+03:00 level=INFO msg="Imported from JSONL"
time=2026-03-11T12:15:53.414+03:00 level=INFO msg="Auto-import complete"
time=2026-03-11T12:15:54.412+03:00 level=INFO msg="Import triggered by file change"
time=2026-03-11T12:15:54.413+03:00 level=INFO msg="Starting %s..." !BADKEY=auto-import
time=2026-03-11T12:15:54.413+03:00 level=INFO msg="JSONL content changed, proceeding with %s..." !BADKEY=auto-import
time=2026-03-11T12:15:54.417+03:00 level=INFO msg="⚠️  WARNING: Uncommitted local changes detected in %s" !BADKEY=/home/sorcerer/Projects/edu-operations-research-practice/.beads/issues.jsonl
time=2026-03-11T12:15:54.417+03:00 level=INFO msg="   Pulling from remote may overwrite local unpushed changes."
time=2026-03-11T12:15:54.417+03:00 level=INFO msg="   Consider running 'bd sync' to commit and push your changes first."
time=2026-03-11T12:15:55.248+03:00 level=INFO msg="Pulled sync branch %s" !BADKEY=main
time=2026-03-11T12:15:55.249+03:00 level=INFO msg="Synced JSONL from sync branch to main repo"
time=2026-03-11T12:15:55.249+03:00 level=INFO msg="File change detected: %s" !BADKEY=/home/sorcerer/Projects/edu-operations-research-practice/.beads/issues.jsonl
time=2026-03-11T12:15:55.254+03:00 level=INFO msg="Imported from JSONL"
time=2026-03-11T12:15:55.255+03:00 level=INFO msg="Auto-import complete"
time=2026-03-11T12:15:56.250+03:00 level=INFO msg="Import triggered by file change"
time=2026-03-11T12:15:56.250+03:00 level=INFO msg="Starting %s..." !BADKEY=auto-import
time=2026-03-11T12:15:56.251+03:00 level=INFO msg="JSONL content changed, proceeding with %s..." !BADKEY=auto-import
time=2026-03-11T12:15:56.255+03:00 level=INFO msg="⚠️  WARNING: Uncommitted local changes detected in %s" !BADKEY=/home/sorcerer/Projects/edu-operations-research-practice/.beads/issues.jsonl
time=2026-03-11T12:15:56.255+03:00 level=INFO msg="   Pulling from remote may overwrite local unpushed changes."
time=2026-03-11T12:15:56.255+03:00 level=INFO msg="   Consider running 'bd sync' to commit and push your changes first."
time=2026-03-11T12:15:57.202+03:00 level=INFO msg="Pulled sync branch %s" !BADKEY=main
time=2026-03-11T12:15:57.202+03:00 level=INFO msg="File change detected: %s" !BADKEY=/home/sorcerer/Projects/edu-operations-research-practice/.beads/issues.jsonl
time=2026-03-11T12:15:57.202+03:00 level=INFO msg="Synced JSONL from sync branch to main repo"
time=2026-03-11T12:15:57.207+03:00 level=INFO msg="Imported from JSONL"
time=2026-03-11T12:15:57.207+03:00 level=INFO msg="Auto-import complete"
time=2026-03-11T12:15:58.204+03:00 level=INFO msg="Import triggered by file change"
time=2026-03-11T12:15:58.204+03:00 level=INFO msg="Starting %s..." !BADKEY=auto-import
time=2026-03-11T12:15:58.204+03:00 level=INFO msg="JSONL content changed, proceeding with %s..." !BADKEY=auto-import
time=2026-03-11T12:15:58.206+03:00 level=INFO msg="⚠️  WARNING: Uncommitted local changes detected in %s" !BADKEY=/home/sorcerer/Projects/edu-operations-research-practice/.beads/issues.jsonl
time=2026-03-11T12:15:58.206+03:00 level=INFO msg="   Pulling from remote may overwrite local unpushed changes."
time=2026-03-11T12:15:58.206+03:00 level=INFO msg="   Consider running 'bd sync' to commit and push your changes first."
time=2026-03-11T12:15:59.173+03:00 level=INFO msg="Pulled sync branch %s" !BADKEY=main
time=2026-03-11T12:15:59.173+03:00 level=INFO msg="Synced JSONL from sync branch to main repo"
time=2026-03-11T12:15:59.173+03:00 level=INFO msg="File change detected: %s" !BADKEY=/home/sorcerer/Projects/edu-operations-research-practice/.beads/issues.jsonl
time=2026-03-11T12:15:59.179+03:00 level=INFO msg="Imported from JSONL"
time=2026-03-11T12:15:59.180+03:00 level=INFO msg="Auto-import complete"
time=2026-03-11T12:16:00.313+03:00 level=INFO msg="Import triggered by file change"
time=2026-03-11T12:16:00.313+03:00 level=INFO msg="Starting %s..." !BADKEY=auto-import
time=2026-03-11T12:16:00.313+03:00 level=INFO msg="JSONL content changed, proceeding with %s..." !BADKEY=auto-import
time=2026-03-11T12:16:00.315+03:00 level=INFO msg="⚠️  WARNING: Uncommitted local changes detected in %s" !BADKEY=/home/sorcerer/Projects/edu-operations-research-practice/.beads/issues.jsonl
time=2026-03-11T12:16:00.315+03:00 level=INFO msg="   Pulling from remote may overwrite local unpushed changes."
time=2026-03-11T12:16:00.315+03:00 level=INFO msg="   Consider running 'bd sync' to commit and push your changes first."
time=2026-03-11T12:16:01.437+03:00 level=INFO msg="Pulled sync branch %s" !BADKEY=main
time=2026-03-11T12:16:01.438+03:00 level=INFO msg="Synced JSONL from sync branch to main repo"
time=2026-03-11T12:16:01.438+03:00 level=INFO msg="File change detected: %s" !BADKEY=/home/sorcerer/Projects/edu-operations-research-practice/.beads/issues.jsonl
time=2026-03-11T12:16:01.442+03:00 level=INFO msg="Imported from JSONL"
time=2026-03-11T12:16:01.443+03:00 level=INFO msg="Auto-import complete"
time=2026-03-11T12:16:02.440+03:00 level=INFO msg="Import triggered by file change"
time=2026-03-11T12:16:02.440+03:00 level=INFO msg="Starting %s..." !BADKEY=auto-import
time=2026-03-11T12:16:02.440+03:00 level=INFO msg="JSONL content changed, proceeding with %s..." !BADKEY=auto-import
time=2026-03-11T12:16:02.444+03:00 level=INFO msg="⚠️  WARNING: Uncommitted local changes detected in %s" !BADKEY=/home/sorcerer/Projects/edu-operations-research-practice/.beads/issues.jsonl
time=2026-03-11T12:16:02.445+03:00 level=INFO msg="   Pulling from remote may overwrite local unpushed changes."
time=2026-03-11T12:16:02.445+03:00 level=INFO msg="   Consider running 'bd sync' to commit and push your changes first."
time=2026-03-11T12:16:03.595+03:00 level=INFO msg="Pulled sync branch %s" !BADKEY=main
time=2026-03-11T12:16:03.596+03:00 level=INFO msg="File change detected: %s" !BADKEY=/home/sorcerer/Projects/edu-operations-research-practice/.beads/issues.jsonl
time=2026-03-11T12:16:03.596+03:00 level=INFO msg="Synced JSONL from sync branch to main repo"
time=2026-03-11T12:16:03.599+03:00 level=INFO msg="Imported from JSONL"
time=2026-03-11T12:16:03.600+03:00 level=INFO msg="Auto-import complete"
time=2026-03-11T12:16:04.598+03:00 level=INFO msg="Import triggered by file change"
time=2026-03-11T12:16:04.598+03:00 level=INFO msg="Starting %s..." !BADKEY=auto-import
time=2026-03-11T12:16:04.599+03:00 level=INFO msg="JSONL content changed, proceeding with %s..." !BADKEY=auto-import
time=2026-03-11T12:16:04.602+03:00 level=INFO msg="⚠️  WARNING: Uncommitted local changes detected in %s" !BADKEY=/home/sorcerer/Projects/edu-operations-research-practice/.beads/issues.jsonl
time=2026-03-11T12:16:04.602+03:00 level=INFO msg="   Pulling from remote may overwrite local unpushed changes."
time=2026-03-11T12:16:04.602+03:00 level=INFO msg="   Consider running 'bd sync' to commit and push your changes first."
time=2026-03-11T12:16:05.645+03:00 level=INFO msg="Pulled sync branch %s" !BADKEY=main
time=2026-03-11T12:16:05.646+03:00 level=INFO msg="File change detected: %s" !BADKEY=/home/sorcerer/Projects/edu-operations-research-practice/.beads/issues.jsonl
time=2026-03-11T12:16:05.646+03:00 level=INFO msg="Synced JSONL from sync branch to main repo"
time=2026-03-11T12:16:05.649+03:00 level=INFO msg="Imported from JSONL"
time=2026-03-11T12:16:05.649+03:00 level=INFO msg="Auto-import complete"
time=2026-03-11T12:16:06.646+03:00 level=INFO msg="Import triggered by file change"
time=2026-03-11T12:16:06.647+03:00 level=INFO msg="Starting %s..." !BADKEY=auto-import
time=2026-03-11T12:16:06.647+03:00 level=INFO msg="JSONL content changed, proceeding with %s..." !BADKEY=auto-import
time=2026-03-11T12:16:06.649+03:00 level=INFO msg="⚠️  WARNING: Uncommitted local changes detected in %s" !BADKEY=/home/sorcerer/Projects/edu-operations-research-practice/.beads/issues.jsonl
time=2026-03-11T12:16:06.649+03:00 level=INFO msg="   Pulling from remote may overwrite local unpushed changes."
time=2026-03-11T12:16:06.649+03:00 level=INFO msg="   Consider running 'bd sync' to commit and push your changes first."
time=2026-03-11T12:16:07.517+03:00 level=INFO msg="Pulled sync branch %s" !BADKEY=main
time=2026-03-11T12:16:07.518+03:00 level=INFO msg="Synced JSONL from sync branch to main repo"
time=2026-03-11T12:16:07.518+03:00 level=INFO msg="File change detected: %s" !BADKEY=/home/sorcerer/Projects/edu-operations-research-practice/.beads/issues.jsonl
time=2026-03-11T12:16:07.524+03:00 level=INFO msg="Imported from JSONL"
time=2026-03-11T12:16:07.525+03:00 level=INFO msg="Auto-import complete"
time=2026-03-11T12:16:08.519+03:00 level=INFO msg="Import triggered by file change"
time=2026-03-11T12:16:08.519+03:00 level=INFO msg="Starting %s..." !BADKEY=auto-import
time=2026-03-11T12:16:08.520+03:00 level=INFO msg="JSONL content changed, proceeding with %s..." !BADKEY=auto-import
time=2026-03-11T12:16:08.524+03:00 level=INFO msg="⚠️  WARNING: Uncommitted local changes detected in %s" !BADKEY=/home/sorcerer/Projects/edu-operations-research-practice/.beads/issues.jsonl
time=2026-03-11T12:16:08.524+03:00 level=INFO msg="   Pulling from remote may overwrite local unpushed changes."
time=2026-03-11T12:16:08.524+03:00 level=INFO msg="   Consider running 'bd sync' to commit and push your changes first."
time=2026-03-11T12:16:09.371+03:00 level=INFO msg="Pulled sync branch %s" !BADKEY=main
time=2026-03-11T12:16:09.372+03:00 level=INFO msg="File change detected: %s" !BADKEY=/home/sorcerer/Projects/edu-operations-research-practice/.beads/issues.jsonl
time=2026-03-11T12:16:09.372+03:00 level=INFO msg="Synced JSONL from sync branch to main repo"
time=2026-03-11T12:16:09.374+03:00 level=INFO msg="Imported from JSONL"
time=2026-03-11T12:16:09.375+03:00 level=INFO msg="Auto-import complete"
time=2026-03-11T12:16:10.373+03:00 level=INFO msg="Import triggered by file change"
time=2026-03-11T12:16:10.373+03:00 level=INFO msg="Starting %s..." !BADKEY=auto-import
time=2026-03-11T12:16:10.374+03:00 level=INFO msg="JSONL content changed, proceeding with %s..." !BADKEY=auto-import
time=2026-03-11T12:16:10.378+03:00 level=INFO msg="⚠️  WARNING: Uncommitted local changes detected in %s" !BADKEY=/home/sorcerer/Projects/edu-operations-research-practice/.beads/issues.jsonl
time=2026-03-11T12:16:10.378+03:00 level=INFO msg="   Pulling from remote may overwrite local unpushed changes."
time=2026-03-11T12:16:10.378+03:00 level=INFO msg="   Consider running 'bd sync' to commit and push your changes first."
time=2026-03-11T12:16:11.179+03:00 level=INFO msg="Pulled sync branch %s" !BADKEY=main
time=2026-03-11T12:16:11.179+03:00 level=INFO msg="File change detected: %s" !BADKEY=/home/sorcerer/Projects/edu-operations-research-practice/.beads/issues.jsonl
time=2026-03-11T12:16:11.179+03:00 level=INFO msg="Synced JSONL from sync branch to main repo"
time=2026-03-11T12:16:11.183+03:00 level=INFO msg="Imported from JSONL"
time=2026-03-11T12:16:11.183+03:00 level=INFO msg="Auto-import complete"
time=2026-03-11T12:16:12.180+03:00 level=INFO msg="Import triggered by file change"
time=2026-03-11T12:16:12.181+03:00 level=INFO msg="Starting %s..." !BADKEY=auto-import
time=2026-03-11T12:16:12.181+03:00 level=INFO msg="JSONL content changed, proceeding with %s..." !BADKEY=auto-import
time=2026-03-11T12:16:12.185+03:00 level=INFO msg="⚠️  WARNING: Uncommitted local changes detected in %s" !BADKEY=/home/sorcerer/Projects/edu-operations-research-practice/.beads/issues.jsonl
time=2026-03-11T12:16:12.185+03:00 level=INFO msg="   Pulling from remote may overwrite local unpushed changes."
time=2026-03-11T12:16:12.185+03:00 level=INFO msg="   Consider running 'bd sync' to commit and push your changes first."
time=2026-03-11T12:16:12.971+03:00 level=INFO msg="Pulled sync branch %s" !BADKEY=main
time=2026-03-11T12:16:12.972+03:00 level=INFO msg="Synced JSONL from sync branch to main repo"
time=2026-03-11T12:16:12.972+03:00 level=INFO msg="File change detected: %s" !BADKEY=/home/sorcerer/Projects/edu-operations-research-practice/.beads/issues.jsonl
time=2026-03-11T12:16:12.980+03:00 level=INFO msg="Imported from JSONL"
time=2026-03-11T12:16:12.980+03:00 level=INFO msg="Auto-import complete"
time=2026-03-11T12:16:13.974+03:00 level=INFO msg="Import triggered by file change"
time=2026-03-11T12:16:13.974+03:00 level=INFO msg="Starting %s..." !BADKEY=auto-import
time=2026-03-11T12:16:13.974+03:00 level=INFO msg="JSONL content changed, proceeding with %s..." !BADKEY=auto-import
time=2026-03-11T12:16:13.977+03:00 level=INFO msg="⚠️  WARNING: Uncommitted local changes detected in %s" !BADKEY=/home/sorcerer/Projects/edu-operations-research-practice/.beads/issues.jsonl
time=2026-03-11T12:16:13.977+03:00 level=INFO msg="   Pulling from remote may overwrite local unpushed changes."
time=2026-03-11T12:16:13.977+03:00 level=INFO msg="   Consider running 'bd sync' to commit and push your changes first."
time=2026-03-11T12:16:14.691+03:00 level=INFO msg="Pulled sync branch %s" !BADKEY=main
time=2026-03-11T12:16:14.691+03:00 level=INFO msg="Synced JSONL from sync branch to main repo"
time=2026-03-11T12:16:14.691+03:00 level=INFO msg="File change detected: %s" !BADKEY=/home/sorcerer/Projects/edu-operations-research-practice/.beads/issues.jsonl
time=2026-03-11T12:16:14.694+03:00 level=INFO msg="Imported from JSONL"
time=2026-03-11T12:16:14.694+03:00 level=INFO msg="Auto-import complete"
time=2026-03-11T12:16:15.692+03:00 level=INFO msg="Import triggered by file change"
time=2026-03-11T12:16:15.692+03:00 level=INFO msg="Starting %s..." !BADKEY=auto-import
time=2026-03-11T12:16:15.693+03:00 level=INFO msg="JSONL content changed, proceeding with %s..." !BADKEY=auto-import
time=2026-03-11T12:16:15.694+03:00 level=INFO msg="⚠️  WARNING: Uncommitted local changes detected in %s" !BADKEY=/home/sorcerer/Projects/edu-operations-research-practice/.beads/issues.jsonl
time=2026-03-11T12:16:15.694+03:00 level=INFO msg="   Pulling from remote may overwrite local unpushed changes."
time=2026-03-11T12:16:15.694+03:00 level=INFO msg="   Consider running 'bd sync' to commit and push your changes first."
time=2026-03-11T12:16:16.407+03:00 level=INFO msg="Pulled sync branch %s" !BADKEY=main
time=2026-03-11T12:16:16.407+03:00 level=INFO msg="File change detected: %s" !BADKEY=/home/sorcerer/Projects/edu-operations-research-practice/.beads/issues.jsonl
time=2026-03-11T12:16:16.407+03:00 level=INFO msg="Synced JSONL from sync branch to main repo"
time=2026-03-11T12:16:16.410+03:00 level=INFO msg="Imported from JSONL"
time=2026-03-11T12:16:16.411+03:00 level=INFO msg="Auto-import complete"
time=2026-03-11T12:16:17.409+03:00 level=INFO msg="Import triggered by file change"
time=2026-03-11T12:16:17.410+03:00 level=INFO msg="Starting %s..." !BADKEY=auto-import
time=2026-03-11T12:16:17.410+03:00 level=INFO msg="JSONL content changed, proceeding with %s..." !BADKEY=auto-import
time=2026-03-11T12:16:17.414+03:00 level=INFO msg="⚠️  WARNING: Uncommitted local changes detected in %s" !BADKEY=/home/sorcerer/Projects/edu-operations-research-practice/.beads/issues.jsonl
time=2026-03-11T12:16:17.414+03:00 level=INFO msg="   Pulling from remote may overwrite local unpushed changes."
time=2026-03-11T12:16:17.414+03:00 level=INFO msg="   Consider running 'bd sync' to commit and push your changes first."
time=2026-03-11T12:16:18.147+03:00 level=INFO msg="Pulled sync branch %s" !BADKEY=main
time=2026-03-11T12:16:18.147+03:00 level=INFO msg="Synced JSONL from sync branch to main repo"
time=2026-03-11T12:16:18.147+03:00 level=INFO msg="File change detected: %s" !BADKEY=/home/sorcerer/Projects/edu-operations-research-practice/.beads/issues.jsonl
time=2026-03-11T12:16:18.155+03:00 level=INFO msg="Imported from JSONL"
time=2026-03-11T12:16:18.156+03:00 level=INFO msg="Auto-import complete"
time=2026-03-11T12:16:19.149+03:00 level=INFO msg="Import triggered by file change"
time=2026-03-11T12:16:19.149+03:00 level=INFO msg="Starting %s..." !BADKEY=auto-import
time=2026-03-11T12:16:19.149+03:00 level=INFO msg="JSONL content changed, proceeding with %s..." !BADKEY=auto-import
time=2026-03-11T12:16:19.154+03:00 level=INFO msg="⚠️  WARNING: Uncommitted local changes detected in %s" !BADKEY=/home/sorcerer/Projects/edu-operations-research-practice/.beads/issues.jsonl
time=2026-03-11T12:16:19.154+03:00 level=INFO msg="   Pulling from remote may overwrite local unpushed changes."
time=2026-03-11T12:16:19.154+03:00 level=INFO msg="   Consider running 'bd sync' to commit and push your changes first."
time=2026-03-11T12:16:19.899+03:00 level=INFO msg="Pulled sync branch %s" !BADKEY=main
time=2026-03-11T12:16:19.899+03:00 level=INFO msg="Synced JSONL from sync branch to main repo"
time=2026-03-11T12:16:19.899+03:00 level=INFO msg="File change detected: %s" !BADKEY=/home/sorcerer/Projects/edu-operations-research-practice/.beads/issues.jsonl
time=2026-03-11T12:16:19.906+03:00 level=INFO msg="Imported from JSONL"
time=2026-03-11T12:16:19.907+03:00 level=INFO msg="Auto-import complete"
time=2026-03-11T12:16:20.901+03:00 level=INFO msg="Import triggered by file change"
time=2026-03-11T12:16:20.901+03:00 level=INFO msg="Starting %s..." !BADKEY=auto-import
time=2026-03-11T12:16:20.901+03:00 level=INFO msg="JSONL content changed, proceeding with %s..." !BADKEY=auto-import
time=2026-03-11T12:16:20.904+03:00 level=INFO msg="⚠️  WARNING: Uncommitted local changes detected in %s" !BADKEY=/home/sorcerer/Projects/edu-operations-research-practice/.beads/issues.jsonl
time=2026-03-11T12:16:20.904+03:00 level=INFO msg="   Pulling from remote may overwrite local unpushed changes."
time=2026-03-11T12:16:20.904+03:00 level=INFO msg="   Consider running 'bd sync' to commit and push your changes first."
time=2026-03-11T12:16:21.831+03:00 level=INFO msg="Pulled sync branch %s" !BADKEY=main
time=2026-03-11T12:16:21.831+03:00 level=INFO msg="File change detected: %s" !BADKEY=/home/sorcerer/Projects/edu-operations-research-practice/.beads/issues.jsonl
time=2026-03-11T12:16:21.831+03:00 level=INFO msg="Synced JSONL from sync branch to main repo"
time=2026-03-11T12:16:21.836+03:00 level=INFO msg="Imported from JSONL"
time=2026-03-11T12:16:21.837+03:00 level=INFO msg="Auto-import complete"
time=2026-03-11T12:16:22.833+03:00 level=INFO msg="Import triggered by file change"
time=2026-03-11T12:16:22.834+03:00 level=INFO msg="Starting %s..." !BADKEY=auto-import
time=2026-03-11T12:16:22.834+03:00 level=INFO msg="JSONL content changed, proceeding with %s..." !BADKEY=auto-import
time=2026-03-11T12:16:22.839+03:00 level=INFO msg="⚠️  WARNING: Uncommitted local changes detected in %s" !BADKEY=/home/sorcerer/Projects/edu-operations-research-practice/.beads/issues.jsonl
time=2026-03-11T12:16:22.839+03:00 level=INFO msg="   Pulling from remote may overwrite local unpushed changes."
time=2026-03-11T12:16:22.839+03:00 level=INFO msg="   Consider running 'bd sync' to commit and push your changes first."
time=2026-03-11T12:16:23.814+03:00 level=INFO msg="Pulled sync branch %s" !BADKEY=main
time=2026-03-11T12:16:23.814+03:00 level=INFO msg="Synced JSONL from sync branch to main repo"
time=2026-03-11T12:16:23.814+03:00 level=INFO msg="File change detected: %s" !BADKEY=/home/sorcerer/Projects/edu-operations-research-practice/.beads/issues.jsonl
time=2026-03-11T12:16:23.820+03:00 level=INFO msg="Imported from JSONL"
time=2026-03-11T12:16:23.820+03:00 level=INFO msg="Auto-import complete"
time=2026-03-11T12:16:24.816+03:00 level=INFO msg="Import triggered by file change"
time=2026-03-11T12:16:24.816+03:00 level=INFO msg="Starting %s..." !BADKEY=auto-import
time=2026-03-11T12:16:24.816+03:00 level=INFO msg="JSONL content changed, proceeding with %s..." !BADKEY=auto-import
time=2026-03-11T12:16:24.819+03:00 level=INFO msg="⚠️  WARNING: Uncommitted local changes detected in %s" !BADKEY=/home/sorcerer/Projects/edu-operations-research-practice/.beads/issues.jsonl
time=2026-03-11T12:16:24.819+03:00 level=INFO msg="   Pulling from remote may overwrite local unpushed changes."
time=2026-03-11T12:16:24.819+03:00 level=INFO msg="   Consider running 'bd sync' to commit and push your changes first."
time=2026-03-11T12:16:25.706+03:00 level=INFO msg="Pulled sync branch %s" !BADKEY=main
time=2026-03-11T12:16:25.706+03:00 level=INFO msg="File change detected: %s" !BADKEY=/home/sorcerer/Projects/edu-operations-research-practice/.beads/issues.jsonl
time=2026-03-11T12:16:25.706+03:00 level=INFO msg="Synced JSONL from sync branch to main repo"
time=2026-03-11T12:16:25.711+03:00 level=INFO msg="Imported from JSONL"
time=2026-03-11T12:16:25.712+03:00 level=INFO msg="Auto-import complete"
time=2026-03-11T12:16:26.708+03:00 level=INFO msg="Import triggered by file change"
time=2026-03-11T12:16:26.709+03:00 level=INFO msg="Starting %s..." !BADKEY=auto-import
time=2026-03-11T12:16:26.709+03:00 level=INFO msg="JSONL content changed, proceeding with %s..." !BADKEY=auto-import
time=2026-03-11T12:16:26.713+03:00 level=INFO msg="⚠️  WARNING: Uncommitted local changes detected in %s" !BADKEY=/home/sorcerer/Projects/edu-operations-research-practice/.beads/issues.jsonl
time=2026-03-11T12:16:26.713+03:00 level=INFO msg="   Pulling from remote may overwrite local unpushed changes."
time=2026-03-11T12:16:26.713+03:00 level=INFO msg="   Consider running 'bd sync' to commit and push your changes first."
time=2026-03-11T12:16:27.565+03:00 level=INFO msg="Pulled sync branch %s" !BADKEY=main
time=2026-03-11T12:16:27.565+03:00 level=INFO msg="File change detected: %s" !BADKEY=/home/sorcerer/Projects/edu-operations-research-practice/.beads/issues.jsonl
time=2026-03-11T12:16:27.566+03:00 level=INFO msg="Synced JSONL from sync branch to main repo"
time=2026-03-11T12:16:27.572+03:00 level=INFO msg="Imported from JSONL"
time=2026-03-11T12:16:27.573+03:00 level=INFO msg="Auto-import complete"
time=2026-03-11T12:16:28.567+03:00 level=INFO msg="Import triggered by file change"
time=2026-03-11T12:16:28.567+03:00 level=INFO msg="Starting %s..." !BADKEY=auto-import
time=2026-03-11T12:16:28.567+03:00 level=INFO msg="JSONL content changed, proceeding with %s..." !BADKEY=auto-import
time=2026-03-11T12:16:28.570+03:00 level=INFO msg="⚠️  WARNING: Uncommitted local changes detected in %s" !BADKEY=/home/sorcerer/Projects/edu-operations-research-practice/.beads/issues.jsonl
time=2026-03-11T12:16:28.570+03:00 level=INFO msg="   Pulling from remote may overwrite local unpushed changes."
time=2026-03-11T12:16:28.570+03:00 level=INFO msg="   Consider running 'bd sync' to commit and push your changes first."
time=2026-03-11T12:16:29.443+03:00 level=INFO msg="Pulled sync branch %s" !BADKEY=main
time=2026-03-11T12:16:29.443+03:00 level=INFO msg="Synced JSONL from sync branch to main repo"
time=2026-03-11T12:16:29.443+03:00 level=INFO msg="File change detected: %s" !BADKEY=/home/sorcerer/Projects/edu-operations-research-practice/.beads/issues.jsonl
time=2026-03-11T12:16:29.448+03:00 level=INFO msg="Imported from JSONL"
time=2026-03-11T12:16:29.448+03:00 level=INFO msg="Auto-import complete"
time=2026-03-11T12:16:30.614+03:00 level=INFO msg="Import triggered by file change"
time=2026-03-11T12:16:30.615+03:00 level=INFO msg="Starting %s..." !BADKEY=auto-import
time=2026-03-11T12:16:30.615+03:00 level=INFO msg="JSONL content changed, proceeding with %s..." !BADKEY=auto-import
time=2026-03-11T12:16:30.619+03:00 level=INFO msg="⚠️  WARNING: Uncommitted local changes detected in %s" !BADKEY=/home/sorcerer/Projects/edu-operations-research-practice/.beads/issues.jsonl
time=2026-03-11T12:16:30.619+03:00 level=INFO msg="   Pulling from remote may overwrite local unpushed changes."
time=2026-03-11T12:16:30.619+03:00 level=INFO msg="   Consider running 'bd sync' to commit and push your changes first."
time=2026-03-11T12:16:31.528+03:00 level=INFO msg="Pulled sync branch %s" !BADKEY=main
time=2026-03-11T12:16:31.528+03:00 level=INFO msg="File change detected: %s" !BADKEY=/home/sorcerer/Projects/edu-operations-research-practice/.beads/issues.jsonl
time=2026-03-11T12:16:31.528+03:00 level=INFO msg="Synced JSONL from sync branch to main repo"
time=2026-03-11T12:16:31.531+03:00 level=INFO msg="Imported from JSONL"
time=2026-03-11T12:16:31.532+03:00 level=INFO msg="Auto-import complete"
time=2026-03-11T12:16:32.529+03:00 level=INFO msg="Import triggered by file change"
time=2026-03-11T12:16:32.529+03:00 level=INFO msg="Starting %s..." !BADKEY=auto-import
time=2026-03-11T12:16:32.530+03:00 level=INFO msg="JSONL content changed, proceeding with %s..." !BADKEY=auto-import
time=2026-03-11T12:16:32.534+03:00 level=INFO msg="⚠️  WARNING: Uncommitted local changes detected in %s" !BADKEY=/home/sorcerer/Projects/edu-operations-research-practice/.beads/issues.jsonl
time=2026-03-11T12:16:32.534+03:00 level=INFO msg="   Pulling from remote may overwrite local unpushed changes."
time=2026-03-11T12:16:32.534+03:00 level=INFO msg="   Consider running 'bd sync' to commit and push your changes first."
time=2026-03-11T12:16:33.483+03:00 level=INFO msg="Pulled sync branch %s" !BADKEY=main
time=2026-03-11T12:16:33.483+03:00 level=INFO msg="Synced JSONL from sync branch to main repo"
time=2026-03-11T12:16:33.483+03:00 level=INFO msg="File change detected: %s" !BADKEY=/home/sorcerer/Projects/edu-operations-research-practice/.beads/issues.jsonl
time=2026-03-11T12:16:33.488+03:00 level=INFO msg="Imported from JSONL"
time=2026-03-11T12:16:33.489+03:00 level=INFO msg="Auto-import complete"
time=2026-03-11T12:16:34.485+03:00 level=INFO msg="Import triggered by file change"
time=2026-03-11T12:16:34.485+03:00 level=INFO msg="Starting %s..." !BADKEY=auto-import
time=2026-03-11T12:16:34.486+03:00 level=INFO msg="JSONL content changed, proceeding with %s..." !BADKEY=auto-import
time=2026-03-11T12:16:34.489+03:00 level=INFO msg="⚠️  WARNING: Uncommitted local changes detected in %s" !BADKEY=/home/sorcerer/Projects/edu-operations-research-practice/.beads/issues.jsonl
time=2026-03-11T12:16:34.490+03:00 level=INFO msg="   Pulling from remote may overwrite local unpushed changes."
time=2026-03-11T12:16:34.490+03:00 level=INFO msg="   Consider running 'bd sync' to commit and push your changes first."
time=2026-03-11T12:16:35.568+03:00 level=INFO msg="Pulled sync branch %s" !BADKEY=main
time=2026-03-11T12:16:35.568+03:00 level=INFO msg="Synced JSONL from sync branch to main repo"
time=2026-03-11T12:16:35.568+03:00 level=INFO msg="File change detected: %s" !BADKEY=/home/sorcerer/Projects/edu-operations-research-practice/.beads/issues.jsonl
time=2026-03-11T12:16:35.575+03:00 level=INFO msg="Imported from JSONL"
time=2026-03-11T12:16:35.576+03:00 level=INFO msg="Auto-import complete"
time=2026-03-11T12:16:36.568+03:00 level=INFO msg="Import triggered by file change"
time=2026-03-11T12:16:36.569+03:00 level=INFO msg="Starting %s..." !BADKEY=auto-import
time=2026-03-11T12:16:36.569+03:00 level=INFO msg="JSONL content changed, proceeding with %s..." !BADKEY=auto-import
time=2026-03-11T12:16:36.572+03:00 level=INFO msg="⚠️  WARNING: Uncommitted local changes detected in %s" !BADKEY=/home/sorcerer/Projects/edu-operations-research-practice/.beads/issues.jsonl
time=2026-03-11T12:16:36.573+03:00 level=INFO msg="   Pulling from remote may overwrite local unpushed changes."
time=2026-03-11T12:16:36.573+03:00 level=INFO msg="   Consider running 'bd sync' to commit and push your changes first."
time=2026-03-11T12:16:37.315+03:00 level=INFO msg="Pulled sync branch %s" !BADKEY=main
time=2026-03-11T12:16:37.315+03:00 level=INFO msg="File change detected: %s" !BADKEY=/home/sorcerer/Projects/edu-operations-research-practice/.beads/issues.jsonl
time=2026-03-11T12:16:37.315+03:00 level=INFO msg="Synced JSONL from sync branch to main repo"
time=2026-03-11T12:16:37.319+03:00 level=INFO msg="Imported from JSONL"
time=2026-03-11T12:16:37.320+03:00 level=INFO msg="Auto-import complete"
time=2026-03-11T12:16:38.317+03:00 level=INFO msg="Import triggered by file change"
time=2026-03-11T12:16:38.317+03:00 level=INFO msg="Starting %s..." !BADKEY=auto-import
time=2026-03-11T12:16:38.317+03:00 level=INFO msg="JSONL content changed, proceeding with %s..." !BADKEY=auto-import
time=2026-03-11T12:16:38.319+03:00 level=INFO msg="⚠️  WARNING: Uncommitted local changes detected in %s" !BADKEY=/home/sorcerer/Projects/edu-operations-research-practice/.beads/issues.jsonl
time=2026-03-11T12:16:38.319+03:00 level=INFO msg="   Pulling from remote may overwrite local unpushed changes."
time=2026-03-11T12:16:38.319+03:00 level=INFO msg="   Consider running 'bd sync' to commit and push your changes first."
time=2026-03-11T12:16:39.184+03:00 level=INFO msg="Pulled sync branch %s" !BADKEY=main
time=2026-03-11T12:16:39.185+03:00 level=INFO msg="File change detected: %s" !BADKEY=/home/sorcerer/Projects/edu-operations-research-practice/.beads/issues.jsonl
time=2026-03-11T12:16:39.185+03:00 level=INFO msg="Synced JSONL from sync branch to main repo"
time=2026-03-11T12:16:39.192+03:00 level=INFO msg="Imported from JSONL"
time=2026-03-11T12:16:39.193+03:00 level=INFO msg="Auto-import complete"
time=2026-03-11T12:16:40.186+03:00 level=INFO msg="Import triggered by file change"
time=2026-03-11T12:16:40.186+03:00 level=INFO msg="Starting %s..." !BADKEY=auto-import
time=2026-03-11T12:16:40.187+03:00 level=INFO msg="JSONL content changed, proceeding with %s..." !BADKEY=auto-import
time=2026-03-11T12:16:40.191+03:00 level=INFO msg="⚠️  WARNING: Uncommitted local changes detected in %s" !BADKEY=/home/sorcerer/Projects/edu-operations-research-practice/.beads/issues.jsonl
time=2026-03-11T12:16:40.191+03:00 level=INFO msg="   Pulling from remote may overwrite local unpushed changes."
time=2026-03-11T12:16:40.191+03:00 level=INFO msg="   Consider running 'bd sync' to commit and push your changes first."
time=2026-03-11T12:16:40.925+03:00 level=INFO msg="Pulled sync branch %s" !BADKEY=main
time=2026-03-11T12:16:40.925+03:00 level=INFO msg="Synced JSONL from sync branch to main repo"
time=2026-03-11T12:16:40.925+03:00 level=INFO msg="File change detected: %s" !BADKEY=/home/sorcerer/Projects/edu-operations-research-practice/.beads/issues.jsonl
time=2026-03-11T12:16:40.931+03:00 level=INFO msg="Imported from JSONL"
time=2026-03-11T12:16:40.932+03:00 level=INFO msg="Auto-import complete"
time=2026-03-11T12:16:41.927+03:00 level=INFO msg="Import triggered by file change"
time=2026-03-11T12:16:41.927+03:00 level=INFO msg="Starting %s..." !BADKEY=auto-import
time=2026-03-11T12:16:41.927+03:00 level=INFO msg="JSONL content changed, proceeding with %s..." !BADKEY=auto-import
time=2026-03-11T12:16:41.929+03:00 level=INFO msg="⚠️  WARNING: Uncommitted local changes detected in %s" !BADKEY=/home/sorcerer/Projects/edu-operations-research-practice/.beads/issues.jsonl
time=2026-03-11T12:16:41.930+03:00 level=INFO msg="   Pulling from remote may overwrite local unpushed changes."
time=2026-03-11T12:16:41.930+03:00 level=INFO msg="   Consider running 'bd sync' to commit and push your changes first."
time=2026-03-11T12:16:42.837+03:00 level=INFO msg="Pulled sync branch %s" !BADKEY=main
time=2026-03-11T12:16:42.837+03:00 level=INFO msg="Synced JSONL from sync branch to main repo"
time=2026-03-11T12:16:42.837+03:00 level=INFO msg="File change detected: %s" !BADKEY=/home/sorcerer/Projects/edu-operations-research-practice/.beads/issues.jsonl
time=2026-03-11T12:16:42.840+03:00 level=INFO msg="Imported from JSONL"
time=2026-03-11T12:16:42.841+03:00 level=INFO msg="Auto-import complete"
time=2026-03-11T12:16:43.839+03:00 level=INFO msg="Import triggered by file change"
time=2026-03-11T12:16:43.839+03:00 level=INFO msg="Starting %s..." !BADKEY=auto-import
time=2026-03-11T12:16:43.839+03:00 level=INFO msg="JSONL content changed, proceeding with %s..." !BADKEY=auto-import
time=2026-03-11T12:16:43.843+03:00 level=INFO msg="⚠️  WARNING: Uncommitted local changes detected in %s" !BADKEY=/home/sorcerer/Projects/edu-operations-research-practice/.beads/issues.jsonl
time=2026-03-11T12:16:43.843+03:00 level=INFO msg="   Pulling from remote may overwrite local unpushed changes."
time=2026-03-11T12:16:43.843+03:00 level=INFO msg="   Consider running 'bd sync' to commit and push your changes first."
time=2026-03-11T12:16:44.709+03:00 level=INFO msg="Pulled sync branch %s" !BADKEY=main
time=2026-03-11T12:16:44.710+03:00 level=INFO msg="Synced JSONL from sync branch to main repo"
time=2026-03-11T12:16:44.710+03:00 level=INFO msg="File change detected: %s" !BADKEY=/home/sorcerer/Projects/edu-operations-research-practice/.beads/issues.jsonl
time=2026-03-11T12:16:44.719+03:00 level=INFO msg="Imported from JSONL"
time=2026-03-11T12:16:44.720+03:00 level=INFO msg="Auto-import complete"
time=2026-03-11T12:16:45.711+03:00 level=INFO msg="Import triggered by file change"
time=2026-03-11T12:16:45.712+03:00 level=INFO msg="Starting %s..." !BADKEY=auto-import
time=2026-03-11T12:16:45.712+03:00 level=INFO msg="JSONL content changed, proceeding with %s..." !BADKEY=auto-import
time=2026-03-11T12:16:45.714+03:00 level=INFO msg="⚠️  WARNING: Uncommitted local changes detected in %s" !BADKEY=/home/sorcerer/Projects/edu-operations-research-practice/.beads/issues.jsonl
time=2026-03-11T12:16:45.714+03:00 level=INFO msg="   Pulling from remote may overwrite local unpushed changes."
time=2026-03-11T12:16:45.714+03:00 level=INFO msg="   Consider running 'bd sync' to commit and push your changes first."
time=2026-03-11T12:16:46.524+03:00 level=INFO msg="Pulled sync branch %s" !BADKEY=main
time=2026-03-11T12:16:46.525+03:00 level=INFO msg="Synced JSONL from sync branch to main repo"
time=2026-03-11T12:16:46.525+03:00 level=INFO msg="File change detected: %s" !BADKEY=/home/sorcerer/Projects/edu-operations-research-practice/.beads/issues.jsonl
time=2026-03-11T12:16:46.527+03:00 level=INFO msg="Imported from JSONL"
time=2026-03-11T12:16:46.527+03:00 level=INFO msg="Auto-import complete"
time=2026-03-11T12:16:47.526+03:00 level=INFO msg="Import triggered by file change"
time=2026-03-11T12:16:47.527+03:00 level=INFO msg="Starting %s..." !BADKEY=auto-import
time=2026-03-11T12:16:47.527+03:00 level=INFO msg="JSONL content changed, proceeding with %s..." !BADKEY=auto-import
time=2026-03-11T12:16:47.531+03:00 level=INFO msg="⚠️  WARNING: Uncommitted local changes detected in %s" !BADKEY=/home/sorcerer/Projects/edu-operations-research-practice/.beads/issues.jsonl
time=2026-03-11T12:16:47.531+03:00 level=INFO msg="   Pulling from remote may overwrite local unpushed changes."
time=2026-03-11T12:16:47.531+03:00 level=INFO msg="   Consider running 'bd sync' to commit and push your changes first."
time=2026-03-11T12:16:48.382+03:00 level=INFO msg="Pulled sync branch %s" !BADKEY=main
time=2026-03-11T12:16:48.382+03:00 level=INFO msg="Synced JSONL from sync branch to main repo"
time=2026-03-11T12:16:48.382+03:00 level=INFO msg="File change detected: %s" !BADKEY=/home/sorcerer/Projects/edu-operations-research-practice/.beads/issues.jsonl
time=2026-03-11T12:16:48.390+03:00 level=INFO msg="Imported from JSONL"
time=2026-03-11T12:16:48.390+03:00 level=INFO msg="Auto-import complete"
time=2026-03-11T12:16:49.384+03:00 level=INFO msg="Import triggered by file change"
time=2026-03-11T12:16:49.384+03:00 level=INFO msg="Starting %s..." !BADKEY=auto-import
time=2026-03-11T12:16:49.384+03:00 level=INFO msg="JSONL content changed, proceeding with %s..." !BADKEY=auto-import
time=2026-03-11T12:16:49.387+03:00 level=INFO msg="⚠️  WARNING: Uncommitted local changes detected in %s" !BADKEY=/home/sorcerer/Projects/edu-operations-research-practice/.beads/issues.jsonl
time=2026-03-11T12:16:49.387+03:00 level=INFO msg="   Pulling from remote may overwrite local unpushed changes."
time=2026-03-11T12:16:49.387+03:00 level=INFO msg="   Consider running 'bd sync' to commit and push your changes first."
time=2026-03-11T12:16:50.327+03:00 level=INFO msg="Pulled sync branch %s" !BADKEY=main
time=2026-03-11T12:16:50.327+03:00 level=INFO msg="Synced JSONL from sync branch to main repo"
time=2026-03-11T12:16:50.327+03:00 level=INFO msg="File change detected: %s" !BADKEY=/home/sorcerer/Projects/edu-operations-research-practice/.beads/issues.jsonl
time=2026-03-11T12:16:50.331+03:00 level=INFO msg="Imported from JSONL"
time=2026-03-11T12:16:50.331+03:00 level=INFO msg="Auto-import complete"
time=2026-03-11T12:16:51.329+03:00 level=INFO msg="Import triggered by file change"
time=2026-03-11T12:16:51.329+03:00 level=INFO msg="Starting %s..." !BADKEY=auto-import
time=2026-03-11T12:16:51.330+03:00 level=INFO msg="JSONL content changed, proceeding with %s..." !BADKEY=auto-import
time=2026-03-11T12:16:51.331+03:00 level=INFO msg="⚠️  WARNING: Uncommitted local changes detected in %s" !BADKEY=/home/sorcerer/Projects/edu-operations-research-practice/.beads/issues.jsonl
time=2026-03-11T12:16:51.331+03:00 level=INFO msg="   Pulling from remote may overwrite local unpushed changes."
time=2026-03-11T12:16:51.331+03:00 level=INFO msg="   Consider running 'bd sync' to commit and push your changes first."
time=2026-03-11T12:16:52.130+03:00 level=INFO msg="Pulled sync branch %s" !BADKEY=main
time=2026-03-11T12:16:52.130+03:00 level=INFO msg="File change detected: %s" !BADKEY=/home/sorcerer/Projects/edu-operations-research-practice/.beads/issues.jsonl
time=2026-03-11T12:16:52.130+03:00 level=INFO msg="Synced JSONL from sync branch to main repo"
time=2026-03-11T12:16:52.134+03:00 level=INFO msg="Imported from JSONL"
time=2026-03-11T12:16:52.135+03:00 level=INFO msg="Auto-import complete"
time=2026-03-11T12:16:53.132+03:00 level=INFO msg="Import triggered by file change"
time=2026-03-11T12:16:53.133+03:00 level=INFO msg="Starting %s..." !BADKEY=auto-import
time=2026-03-11T12:16:53.133+03:00 level=INFO msg="JSONL content changed, proceeding with %s..." !BADKEY=auto-import
time=2026-03-11T12:16:53.136+03:00 level=INFO msg="⚠️  WARNING: Uncommitted local changes detected in %s" !BADKEY=/home/sorcerer/Projects/edu-operations-research-practice/.beads/issues.jsonl
time=2026-03-11T12:16:53.136+03:00 level=INFO msg="   Pulling from remote may overwrite local unpushed changes."
time=2026-03-11T12:16:53.136+03:00 level=INFO msg="   Consider running 'bd sync' to commit and push your changes first."
time=2026-03-11T12:16:54.078+03:00 level=INFO msg="Pulled sync branch %s" !BADKEY=main
time=2026-03-11T12:16:54.078+03:00 level=INFO msg="File change detected: %s" !BADKEY=/home/sorcerer/Projects/edu-operations-research-practice/.beads/issues.jsonl
time=2026-03-11T12:16:54.078+03:00 level=INFO msg="Synced JSONL from sync branch to main repo"
time=2026-03-11T12:16:54.083+03:00 level=INFO msg="Imported from JSONL"
time=2026-03-11T12:16:54.083+03:00 level=INFO msg="Auto-import complete"
time=2026-03-11T12:16:55.080+03:00 level=INFO msg="Import triggered by file change"
time=2026-03-11T12:16:55.080+03:00 level=INFO msg="Starting %s..." !BADKEY=auto-import
time=2026-03-11T12:16:55.081+03:00 level=INFO msg="JSONL content changed, proceeding with %s..." !BADKEY=auto-import
time=2026-03-11T12:16:55.085+03:00 level=INFO msg="⚠️  WARNING: Uncommitted local changes detected in %s" !BADKEY=/home/sorcerer/Projects/edu-operations-research-practice/.beads/issues.jsonl
time=2026-03-11T12:16:55.085+03:00 level=INFO msg="   Pulling from remote may overwrite local unpushed changes."
time=2026-03-11T12:16:55.085+03:00 level=INFO msg="   Consider running 'bd sync' to commit and push your changes first."
time=2026-03-11T12:16:55.986+03:00 level=INFO msg="Pulled sync branch %s" !BADKEY=main
time=2026-03-11T12:16:55.986+03:00 level=INFO msg="Synced JSONL from sync branch to main repo"
time=2026-03-11T12:16:55.986+03:00 level=INFO msg="File change detected: %s" !BADKEY=/home/sorcerer/Projects/edu-operations-research-practice/.beads/issues.jsonl
time=2026-03-11T12:16:55.990+03:00 level=INFO msg="Imported from JSONL"
time=2026-03-11T12:16:55.991+03:00 level=INFO msg="Auto-import complete"
time=2026-03-11T12:16:56.987+03:00 level=INFO msg="Import triggered by file change"
time=2026-03-11T12:16:56.987+03:00 level=INFO msg="Starting %s..." !BADKEY=auto-import
time=2026-03-11T12:16:56.988+03:00 level=INFO msg="JSONL content changed, proceeding with %s..." !BADKEY=auto-import
time=2026-03-11T12:16:56.992+03:00 level=INFO msg="⚠️  WARNING: Uncommitted local changes detected in %s" !BADKEY=/home/sorcerer/Projects/edu-operations-research-practice/.beads/issues.jsonl
time=2026-03-11T12:16:56.992+03:00 level=INFO msg="   Pulling from remote may overwrite local unpushed changes."
time=2026-03-11T12:16:56.992+03:00 level=INFO msg="   Consider running 'bd sync' to commit and push your changes first."
time=2026-03-11T12:16:57.808+03:00 level=INFO msg="Pulled sync branch %s" !BADKEY=main
time=2026-03-11T12:16:57.809+03:00 level=INFO msg="Synced JSONL from sync branch to main repo"
time=2026-03-11T12:16:57.809+03:00 level=INFO msg="File change detected: %s" !BADKEY=/home/sorcerer/Projects/edu-operations-research-practice/.beads/issues.jsonl
time=2026-03-11T12:16:57.814+03:00 level=INFO msg="Imported from JSONL"
time=2026-03-11T12:16:57.815+03:00 level=INFO msg="Auto-import complete"
time=2026-03-11T12:16:58.810+03:00 level=INFO msg="Import triggered by file change"
time=2026-03-11T12:16:58.810+03:00 level=INFO msg="Starting %s..." !BADKEY=auto-import
time=2026-03-11T12:16:58.811+03:00 level=INFO msg="JSONL content changed, proceeding with %s..." !BADKEY=auto-import
time=2026-03-11T12:16:58.815+03:00 level=INFO msg="⚠️  WARNING: Uncommitted local changes detected in %s" !BADKEY=/home/sorcerer/Projects/edu-operations-research-practice/.beads/issues.jsonl
time=2026-03-11T12:16:58.815+03:00 level=INFO msg="   Pulling from remote may overwrite local unpushed changes."
time=2026-03-11T12:16:58.815+03:00 level=INFO msg="   Consider running 'bd sync' to commit and push your changes first."
time=2026-03-11T12:16:59.689+03:00 level=INFO msg="Pulled sync branch %s" !BADKEY=main
time=2026-03-11T12:16:59.689+03:00 level=INFO msg="File change detected: %s" !BADKEY=/home/sorcerer/Projects/edu-operations-research-practice/.beads/issues.jsonl
time=2026-03-11T12:16:59.689+03:00 level=INFO msg="Synced JSONL from sync branch to main repo"
time=2026-03-11T12:16:59.696+03:00 level=INFO msg="Imported from JSONL"
time=2026-03-11T12:16:59.696+03:00 level=INFO msg="Auto-import complete"
time=2026-03-11T12:17:00.824+03:00 level=INFO msg="Import triggered by file change"
time=2026-03-11T12:17:00.824+03:00 level=INFO msg="Starting %s..." !BADKEY=auto-import
time=2026-03-11T12:17:00.825+03:00 level=INFO msg="JSONL content changed, proceeding with %s..." !BADKEY=auto-import
time=2026-03-11T12:17:00.827+03:00 level=INFO msg="⚠️  WARNING: Uncommitted local changes detected in %s" !BADKEY=/home/sorcerer/Projects/edu-operations-research-practice/.beads/issues.jsonl
time=2026-03-11T12:17:00.827+03:00 level=INFO msg="   Pulling from remote may overwrite local unpushed changes."
time=2026-03-11T12:17:00.827+03:00 level=INFO msg="   Consider running 'bd sync' to commit and push your changes first."
time=2026-03-11T12:17:01.781+03:00 level=INFO msg="Pulled sync branch %s" !BADKEY=main
time=2026-03-11T12:17:01.781+03:00 level=INFO msg="Synced JSONL from sync branch to main repo"
time=2026-03-11T12:17:01.781+03:00 level=INFO msg="File change detected: %s" !BADKEY=/home/sorcerer/Projects/edu-operations-research-practice/.beads/issues.jsonl
time=2026-03-11T12:17:01.787+03:00 level=INFO msg="Imported from JSONL"
time=2026-03-11T12:17:01.787+03:00 level=INFO msg="Auto-import complete"
time=2026-03-11T12:17:02.783+03:00 level=INFO msg="Import triggered by file change"
time=2026-03-11T12:17:02.783+03:00 level=INFO msg="Starting %s..." !BADKEY=auto-import
time=2026-03-11T12:17:02.784+03:00 level=INFO msg="JSONL content changed, proceeding with %s..." !BADKEY=auto-import
time=2026-03-11T12:17:02.788+03:00 level=INFO msg="⚠️  WARNING: Uncommitted local changes detected in %s" !BADKEY=/home/sorcerer/Projects/edu-operations-research-practice/.beads/issues.jsonl
time=2026-03-11T12:17:02.788+03:00 level=INFO msg="   Pulling from remote may overwrite local unpushed changes."
time=2026-03-11T12:17:02.788+03:00 level=INFO msg="   Consider running 'bd sync' to commit and push your changes first."
time=2026-03-11T12:17:03.660+03:00 level=INFO msg="Pulled sync branch %s" !BADKEY=main
time=2026-03-11T12:17:03.660+03:00 level=INFO msg="File change detected: %s" !BADKEY=/home/sorcerer/Projects/edu-operations-research-practice/.beads/issues.jsonl
time=2026-03-11T12:17:03.660+03:00 level=INFO msg="Synced JSONL from sync branch to main repo"
time=2026-03-11T12:17:03.663+03:00 level=INFO msg="Imported from JSONL"
time=2026-03-11T12:17:03.664+03:00 level=INFO msg="Auto-import complete"
time=2026-03-11T12:17:04.663+03:00 level=INFO msg="Import triggered by file change"
time=2026-03-11T12:17:04.663+03:00 level=INFO msg="Starting %s..." !BADKEY=auto-import
time=2026-03-11T12:17:04.663+03:00 level=INFO msg="JSONL content changed, proceeding with %s..." !BADKEY=auto-import
time=2026-03-11T12:17:04.665+03:00 level=INFO msg="⚠️  WARNING: Uncommitted local changes detected in %s" !BADKEY=/home/sorcerer/Projects/edu-operations-research-practice/.beads/issues.jsonl
time=2026-03-11T12:17:04.665+03:00 level=INFO msg="   Pulling from remote may overwrite local unpushed changes."
time=2026-03-11T12:17:04.665+03:00 level=INFO msg="   Consider running 'bd sync' to commit and push your changes first."
time=2026-03-11T12:17:05.467+03:00 level=INFO msg="Pulled sync branch %s" !BADKEY=main
time=2026-03-11T12:17:05.468+03:00 level=INFO msg="File change detected: %s" !BADKEY=/home/sorcerer/Projects/edu-operations-research-practice/.beads/issues.jsonl
time=2026-03-11T12:17:05.468+03:00 level=INFO msg="Synced JSONL from sync branch to main repo"
time=2026-03-11T12:17:05.474+03:00 level=INFO msg="Imported from JSONL"
time=2026-03-11T12:17:05.474+03:00 level=INFO msg="Auto-import complete"
time=2026-03-11T12:17:06.469+03:00 level=INFO msg="Import triggered by file change"
time=2026-03-11T12:17:06.469+03:00 level=INFO msg="Starting %s..." !BADKEY=auto-import
time=2026-03-11T12:17:06.469+03:00 level=INFO msg="JSONL content changed, proceeding with %s..." !BADKEY=auto-import
time=2026-03-11T12:17:06.472+03:00 level=INFO msg="⚠️  WARNING: Uncommitted local changes detected in %s" !BADKEY=/home/sorcerer/Projects/edu-operations-research-practice/.beads/issues.jsonl
time=2026-03-11T12:17:06.472+03:00 level=INFO msg="   Pulling from remote may overwrite local unpushed changes."
time=2026-03-11T12:17:06.472+03:00 level=INFO msg="   Consider running 'bd sync' to commit and push your changes first."
time=2026-03-11T12:17:07.436+03:00 level=INFO msg="Pulled sync branch %s" !BADKEY=main
time=2026-03-11T12:17:07.436+03:00 level=INFO msg="File change detected: %s" !BADKEY=/home/sorcerer/Projects/edu-operations-research-practice/.beads/issues.jsonl
time=2026-03-11T12:17:07.436+03:00 level=INFO msg="Synced JSONL from sync branch to main repo"
time=2026-03-11T12:17:07.442+03:00 level=INFO msg="Imported from JSONL"
time=2026-03-11T12:17:07.443+03:00 level=INFO msg="Auto-import complete"
time=2026-03-11T12:17:08.437+03:00 level=INFO msg="Import triggered by file change"
time=2026-03-11T12:17:08.437+03:00 level=INFO msg="Starting %s..." !BADKEY=auto-import
time=2026-03-11T12:17:08.437+03:00 level=INFO msg="JSONL content changed, proceeding with %s..." !BADKEY=auto-import
time=2026-03-11T12:17:08.440+03:00 level=INFO msg="⚠️  WARNING: Uncommitted local changes detected in %s" !BADKEY=/home/sorcerer/Projects/edu-operations-research-practice/.beads/issues.jsonl
time=2026-03-11T12:17:08.441+03:00 level=INFO msg="   Pulling from remote may overwrite local unpushed changes."
time=2026-03-11T12:17:08.441+03:00 level=INFO msg="   Consider running 'bd sync' to commit and push your changes first."
time=2026-03-11T12:17:09.242+03:00 level=INFO msg="Pulled sync branch %s" !BADKEY=main
time=2026-03-11T12:17:09.242+03:00 level=INFO msg="Synced JSONL from sync branch to main repo"
time=2026-03-11T12:17:09.242+03:00 level=INFO msg="File change detected: %s" !BADKEY=/home/sorcerer/Projects/edu-operations-research-practice/.beads/issues.jsonl
time=2026-03-11T12:17:09.248+03:00 level=INFO msg="Imported from JSONL"
time=2026-03-11T12:17:09.249+03:00 level=INFO msg="Auto-import complete"
time=2026-03-11T12:17:10.243+03:00 level=INFO msg="Import triggered by file change"
time=2026-03-11T12:17:10.243+03:00 level=INFO msg="Starting %s..." !BADKEY=auto-import
time=2026-03-11T12:17:10.244+03:00 level=INFO msg="JSONL content changed, proceeding with %s..." !BADKEY=auto-import
time=2026-03-11T12:17:10.248+03:00 level=INFO msg="⚠️  WARNING: Uncommitted local changes detected in %s" !BADKEY=/home/sorcerer/Projects/edu-operations-research-practice/.beads/issues.jsonl
time=2026-03-11T12:17:10.248+03:00 level=INFO msg="   Pulling from remote may overwrite local unpushed changes."
time=2026-03-11T12:17:10.248+03:00 level=INFO msg="   Consider running 'bd sync' to commit and push your changes first."
time=2026-03-11T12:17:11.052+03:00 level=INFO msg="Pulled sync branch %s" !BADKEY=main
time=2026-03-11T12:17:11.053+03:00 level=INFO msg="File change detected: %s" !BADKEY=/home/sorcerer/Projects/edu-operations-research-practice/.beads/issues.jsonl
time=2026-03-11T12:17:11.053+03:00 level=INFO msg="Synced JSONL from sync branch to main repo"
time=2026-03-11T12:17:11.057+03:00 level=INFO msg="Imported from JSONL"
time=2026-03-11T12:17:11.057+03:00 level=INFO msg="Auto-import complete"
time=2026-03-11T12:17:12.054+03:00 level=INFO msg="Import triggered by file change"
time=2026-03-11T12:17:12.054+03:00 level=INFO msg="Starting %s..." !BADKEY=auto-import
time=2026-03-11T12:17:12.055+03:00 level=INFO msg="JSONL content changed, proceeding with %s..." !BADKEY=auto-import
time=2026-03-11T12:17:12.057+03:00 level=INFO msg="⚠️  WARNING: Uncommitted local changes detected in %s" !BADKEY=/home/sorcerer/Projects/edu-operations-research-practice/.beads/issues.jsonl
time=2026-03-11T12:17:12.057+03:00 level=INFO msg="   Pulling from remote may overwrite local unpushed changes."
time=2026-03-11T12:17:12.057+03:00 level=INFO msg="   Consider running 'bd sync' to commit and push your changes first."
time=2026-03-11T12:17:12.824+03:00 level=INFO msg="Pulled sync branch %s" !BADKEY=main
time=2026-03-11T12:17:12.825+03:00 level=INFO msg="Synced JSONL from sync branch to main repo"
time=2026-03-11T12:17:12.825+03:00 level=INFO msg="File change detected: %s" !BADKEY=/home/sorcerer/Projects/edu-operations-research-practice/.beads/issues.jsonl
time=2026-03-11T12:17:12.828+03:00 level=INFO msg="Imported from JSONL"
time=2026-03-11T12:17:12.828+03:00 level=INFO msg="Auto-import complete"
time=2026-03-11T12:17:13.826+03:00 level=INFO msg="Import triggered by file change"
time=2026-03-11T12:17:13.827+03:00 level=INFO msg="Starting %s..." !BADKEY=auto-import
time=2026-03-11T12:17:13.827+03:00 level=INFO msg="JSONL content changed, proceeding with %s..." !BADKEY=auto-import
time=2026-03-11T12:17:13.831+03:00 level=INFO msg="⚠️  WARNING: Uncommitted local changes detected in %s" !BADKEY=/home/sorcerer/Projects/edu-operations-research-practice/.beads/issues.jsonl
time=2026-03-11T12:17:13.831+03:00 level=INFO msg="   Pulling from remote may overwrite local unpushed changes."
time=2026-03-11T12:17:13.831+03:00 level=INFO msg="   Consider running 'bd sync' to commit and push your changes first."
time=2026-03-11T12:17:14.717+03:00 level=INFO msg="Pulled sync branch %s" !BADKEY=main
time=2026-03-11T12:17:14.717+03:00 level=INFO msg="File change detected: %s" !BADKEY=/home/sorcerer/Projects/edu-operations-research-practice/.beads/issues.jsonl
time=2026-03-11T12:17:14.717+03:00 level=INFO msg="Synced JSONL from sync branch to main repo"
time=2026-03-11T12:17:14.725+03:00 level=INFO msg="Imported from JSONL"
time=2026-03-11T12:17:14.725+03:00 level=INFO msg="Auto-import complete"
time=2026-03-11T12:17:15.719+03:00 level=INFO msg="Import triggered by file change"
time=2026-03-11T12:17:15.719+03:00 level=INFO msg="Starting %s..." !BADKEY=auto-import
time=2026-03-11T12:17:15.719+03:00 level=INFO msg="JSONL content changed, proceeding with %s..." !BADKEY=auto-import
time=2026-03-11T12:17:15.721+03:00 level=INFO msg="⚠️  WARNING: Uncommitted local changes detected in %s" !BADKEY=/home/sorcerer/Projects/edu-operations-research-practice/.beads/issues.jsonl
time=2026-03-11T12:17:15.721+03:00 level=INFO msg="   Pulling from remote may overwrite local unpushed changes."
time=2026-03-11T12:17:15.721+03:00 level=INFO msg="   Consider running 'bd sync' to commit and push your changes first."
time=2026-03-11T12:17:16.451+03:00 level=INFO msg="Pulled sync branch %s" !BADKEY=main
time=2026-03-11T12:17:16.451+03:00 level=INFO msg="File change detected: %s" !BADKEY=/home/sorcerer/Projects/edu-operations-research-practice/.beads/issues.jsonl
time=2026-03-11T12:17:16.451+03:00 level=INFO msg="Synced JSONL from sync branch to main repo"
time=2026-03-11T12:17:16.454+03:00 level=INFO msg="Imported from JSONL"
time=2026-03-11T12:17:16.454+03:00 level=INFO msg="Auto-import complete"
time=2026-03-11T12:17:17.453+03:00 level=INFO msg="Import triggered by file change"
time=2026-03-11T12:17:17.453+03:00 level=INFO msg="Starting %s..." !BADKEY=auto-import
time=2026-03-11T12:17:17.454+03:00 level=INFO msg="JSONL content changed, proceeding with %s..." !BADKEY=auto-import
time=2026-03-11T12:17:17.457+03:00 level=INFO msg="⚠️  WARNING: Uncommitted local changes detected in %s" !BADKEY=/home/sorcerer/Projects/edu-operations-research-practice/.beads/issues.jsonl
time=2026-03-11T12:17:17.457+03:00 level=INFO msg="   Pulling from remote may overwrite local unpushed changes."
time=2026-03-11T12:17:17.457+03:00 level=INFO msg="   Consider running 'bd sync' to commit and push your changes first."
time=2026-03-11T12:17:18.194+03:00 level=INFO msg="Pulled sync branch %s" !BADKEY=main
time=2026-03-11T12:17:18.195+03:00 level=INFO msg="Synced JSONL from sync branch to main repo"
time=2026-03-11T12:17:18.195+03:00 level=INFO msg="File change detected: %s" !BADKEY=/home/sorcerer/Projects/edu-operations-research-practice/.beads/issues.jsonl
time=2026-03-11T12:17:18.202+03:00 level=INFO msg="Imported from JSONL"
time=2026-03-11T12:17:18.202+03:00 level=INFO msg="Auto-import complete"
time=2026-03-11T12:17:19.196+03:00 level=INFO msg="Import triggered by file change"
time=2026-03-11T12:17:19.196+03:00 level=INFO msg="Starting %s..." !BADKEY=auto-import
time=2026-03-11T12:17:19.197+03:00 level=INFO msg="JSONL content changed, proceeding with %s..." !BADKEY=auto-import
time=2026-03-11T12:17:19.201+03:00 level=INFO msg="⚠️  WARNING: Uncommitted local changes detected in %s" !BADKEY=/home/sorcerer/Projects/edu-operations-research-practice/.beads/issues.jsonl
time=2026-03-11T12:17:19.201+03:00 level=INFO msg="   Pulling from remote may overwrite local unpushed changes."
time=2026-03-11T12:17:19.201+03:00 level=INFO msg="   Consider running 'bd sync' to commit and push your changes first."
time=2026-03-11T12:17:19.931+03:00 level=INFO msg="Pulled sync branch %s" !BADKEY=main
time=2026-03-11T12:17:19.932+03:00 level=INFO msg="Synced JSONL from sync branch to main repo"
time=2026-03-11T12:17:19.932+03:00 level=INFO msg="File change detected: %s" !BADKEY=/home/sorcerer/Projects/edu-operations-research-practice/.beads/issues.jsonl
time=2026-03-11T12:17:19.938+03:00 level=INFO msg="Imported from JSONL"
time=2026-03-11T12:17:19.939+03:00 level=INFO msg="Auto-import complete"
time=2026-03-11T12:17:20.933+03:00 level=INFO msg="Import triggered by file change"
time=2026-03-11T12:17:20.933+03:00 level=INFO msg="Starting %s..." !BADKEY=auto-import
time=2026-03-11T12:17:20.934+03:00 level=INFO msg="JSONL content changed, proceeding with %s..." !BADKEY=auto-import
time=2026-03-11T12:17:20.936+03:00 level=INFO msg="⚠️  WARNING: Uncommitted local changes detected in %s" !BADKEY=/home/sorcerer/Projects/edu-operations-research-practice/.beads/issues.jsonl
time=2026-03-11T12:17:20.936+03:00 level=INFO msg="   Pulling from remote may overwrite local unpushed changes."
time=2026-03-11T12:17:20.936+03:00 level=INFO msg="   Consider running 'bd sync' to commit and push your changes first."
time=2026-03-11T12:17:21.762+03:00 level=INFO msg="Pulled sync branch %s" !BADKEY=main
time=2026-03-11T12:17:21.762+03:00 level=INFO msg="File change detected: %s" !BADKEY=/home/sorcerer/Projects/edu-operations-research-practice/.beads/issues.jsonl
time=2026-03-11T12:17:21.762+03:00 level=INFO msg="Synced JSONL from sync branch to main repo"
time=2026-03-11T12:17:21.767+03:00 level=INFO msg="Imported from JSONL"
time=2026-03-11T12:17:21.768+03:00 level=INFO msg="Auto-import complete"
time=2026-03-11T12:17:22.763+03:00 level=INFO msg="Import triggered by file change"
time=2026-03-11T12:17:22.763+03:00 level=INFO msg="Starting %s..." !BADKEY=auto-import
time=2026-03-11T12:17:22.764+03:00 level=INFO msg="JSONL content changed, proceeding with %s..." !BADKEY=auto-import
time=2026-03-11T12:17:22.766+03:00 level=INFO msg="⚠️  WARNING: Uncommitted local changes detected in %s" !BADKEY=/home/sorcerer/Projects/edu-operations-research-practice/.beads/issues.jsonl
time=2026-03-11T12:17:22.766+03:00 level=INFO msg="   Pulling from remote may overwrite local unpushed changes."
time=2026-03-11T12:17:22.766+03:00 level=INFO msg="   Consider running 'bd sync' to commit and push your changes first."
time=2026-03-11T12:17:23.580+03:00 level=INFO msg="Pulled sync branch %s" !BADKEY=main
time=2026-03-11T12:17:23.580+03:00 level=INFO msg="File change detected: %s" !BADKEY=/home/sorcerer/Projects/edu-operations-research-practice/.beads/issues.jsonl
time=2026-03-11T12:17:23.580+03:00 level=INFO msg="Synced JSONL from sync branch to main repo"
time=2026-03-11T12:17:23.584+03:00 level=INFO msg="Imported from JSONL"
time=2026-03-11T12:17:23.584+03:00 level=INFO msg="Auto-import complete"
time=2026-03-11T12:17:24.582+03:00 level=INFO msg="Import triggered by file change"
time=2026-03-11T12:17:24.582+03:00 level=INFO msg="Starting %s..." !BADKEY=auto-import
time=2026-03-11T12:17:24.582+03:00 level=INFO msg="JSONL content changed, proceeding with %s..." !BADKEY=auto-import
time=2026-03-11T12:17:24.584+03:00 level=INFO msg="⚠️  WARNING: Uncommitted local changes detected in %s" !BADKEY=/home/sorcerer/Projects/edu-operations-research-practice/.beads/issues.jsonl
time=2026-03-11T12:17:24.584+03:00 level=INFO msg="   Pulling from remote may overwrite local unpushed changes."
time=2026-03-11T12:17:24.584+03:00 level=INFO msg="   Consider running 'bd sync' to commit and push your changes first."
time=2026-03-11T12:17:25.315+03:00 level=INFO msg="Pulled sync branch %s" !BADKEY=main
time=2026-03-11T12:17:25.315+03:00 level=INFO msg="File change detected: %s" !BADKEY=/home/sorcerer/Projects/edu-operations-research-practice/.beads/issues.jsonl
time=2026-03-11T12:17:25.315+03:00 level=INFO msg="Synced JSONL from sync branch to main repo"
time=2026-03-11T12:17:25.318+03:00 level=INFO msg="Imported from JSONL"
time=2026-03-11T12:17:25.319+03:00 level=INFO msg="Auto-import complete"
time=2026-03-11T12:17:26.316+03:00 level=INFO msg="Import triggered by file change"
time=2026-03-11T12:17:26.317+03:00 level=INFO msg="Starting %s..." !BADKEY=auto-import
time=2026-03-11T12:17:26.317+03:00 level=INFO msg="JSONL content changed, proceeding with %s..." !BADKEY=auto-import
time=2026-03-11T12:17:26.320+03:00 level=INFO msg="⚠️  WARNING: Uncommitted local changes detected in %s" !BADKEY=/home/sorcerer/Projects/edu-operations-research-practice/.beads/issues.jsonl
time=2026-03-11T12:17:26.320+03:00 level=INFO msg="   Pulling from remote may overwrite local unpushed changes."
time=2026-03-11T12:17:26.320+03:00 level=INFO msg="   Consider running 'bd sync' to commit and push your changes first."
time=2026-03-11T12:17:27.399+03:00 level=INFO msg="Pulled sync branch %s" !BADKEY=main
time=2026-03-11T12:17:27.399+03:00 level=INFO msg="Synced JSONL from sync branch to main repo"
time=2026-03-11T12:17:27.399+03:00 level=INFO msg="File change detected: %s" !BADKEY=/home/sorcerer/Projects/edu-operations-research-practice/.beads/issues.jsonl
time=2026-03-11T12:17:27.405+03:00 level=INFO msg="Imported from JSONL"
time=2026-03-11T12:17:27.406+03:00 level=INFO msg="Auto-import complete"
time=2026-03-11T12:17:28.401+03:00 level=INFO msg="Import triggered by file change"
time=2026-03-11T12:17:28.401+03:00 level=INFO msg="Starting %s..." !BADKEY=auto-import
time=2026-03-11T12:17:28.401+03:00 level=INFO msg="JSONL content changed, proceeding with %s..." !BADKEY=auto-import
time=2026-03-11T12:17:28.405+03:00 level=INFO msg="⚠️  WARNING: Uncommitted local changes detected in %s" !BADKEY=/home/sorcerer/Projects/edu-operations-research-practice/.beads/issues.jsonl
time=2026-03-11T12:17:28.405+03:00 level=INFO msg="   Pulling from remote may overwrite local unpushed changes."
time=2026-03-11T12:17:28.405+03:00 level=INFO msg="   Consider running 'bd sync' to commit and push your changes first."
time=2026-03-11T12:17:29.235+03:00 level=INFO msg="Pulled sync branch %s" !BADKEY=main
time=2026-03-11T12:17:29.235+03:00 level=INFO msg="File change detected: %s" !BADKEY=/home/sorcerer/Projects/edu-operations-research-practice/.beads/issues.jsonl
time=2026-03-11T12:17:29.235+03:00 level=INFO msg="Synced JSONL from sync branch to main repo"
time=2026-03-11T12:17:29.239+03:00 level=INFO msg="Imported from JSONL"
time=2026-03-11T12:17:29.240+03:00 level=INFO msg="Auto-import complete"
time=2026-03-11T12:17:30.375+03:00 level=INFO msg="Import triggered by file change"
time=2026-03-11T12:17:30.375+03:00 level=INFO msg="Starting %s..." !BADKEY=auto-import
time=2026-03-11T12:17:30.376+03:00 level=INFO msg="JSONL content changed, proceeding with %s..." !BADKEY=auto-import
time=2026-03-11T12:17:30.378+03:00 level=INFO msg="⚠️  WARNING: Uncommitted local changes detected in %s" !BADKEY=/home/sorcerer/Projects/edu-operations-research-practice/.beads/issues.jsonl
time=2026-03-11T12:17:30.378+03:00 level=INFO msg="   Pulling from remote may overwrite local unpushed changes."
time=2026-03-11T12:17:30.378+03:00 level=INFO msg="   Consider running 'bd sync' to commit and push your changes first."
time=2026-03-11T12:17:31.119+03:00 level=INFO msg="Pulled sync branch %s" !BADKEY=main
time=2026-03-11T12:17:31.119+03:00 level=INFO msg="File change detected: %s" !BADKEY=/home/sorcerer/Projects/edu-operations-research-practice/.beads/issues.jsonl
time=2026-03-11T12:17:31.119+03:00 level=INFO msg="Synced JSONL from sync branch to main repo"
time=2026-03-11T12:17:31.126+03:00 level=INFO msg="Imported from JSONL"
time=2026-03-11T12:17:31.127+03:00 level=INFO msg="Auto-import complete"
time=2026-03-11T12:17:32.121+03:00 level=INFO msg="Import triggered by file change"
time=2026-03-11T12:17:32.121+03:00 level=INFO msg="Starting %s..." !BADKEY=auto-import
time=2026-03-11T12:17:32.122+03:00 level=INFO msg="JSONL content changed, proceeding with %s..." !BADKEY=auto-import
time=2026-03-11T12:17:32.125+03:00 level=INFO msg="⚠️  WARNING: Uncommitted local changes detected in %s" !BADKEY=/home/sorcerer/Projects/edu-operations-research-practice/.beads/issues.jsonl
time=2026-03-11T12:17:32.125+03:00 level=INFO msg="   Pulling from remote may overwrite local unpushed changes."
time=2026-03-11T12:17:32.125+03:00 level=INFO msg="   Consider running 'bd sync' to commit and push your changes first."
time=2026-03-11T12:17:32.909+03:00 level=INFO msg="Pulled sync branch %s" !BADKEY=main
time=2026-03-11T12:17:32.910+03:00 level=INFO msg="File change detected: %s" !BADKEY=/home/sorcerer/Projects/edu-operations-research-practice/.beads/issues.jsonl
time=2026-03-11T12:17:32.910+03:00 level=INFO msg="Synced JSONL from sync branch to main repo"
time=2026-03-11T12:17:32.916+03:00 level=INFO msg="Imported from JSONL"
time=2026-03-11T12:17:32.916+03:00 level=INFO msg="Auto-import complete"
time=2026-03-11T12:17:33.911+03:00 level=INFO msg="Import triggered by file change"
time=2026-03-11T12:17:33.911+03:00 level=INFO msg="Starting %s..." !BADKEY=auto-import
time=2026-03-11T12:17:33.912+03:00 level=INFO msg="JSONL content changed, proceeding with %s..." !BADKEY=auto-import
time=2026-03-11T12:17:33.915+03:00 level=INFO msg="⚠️  WARNING: Uncommitted local changes detected in %s" !BADKEY=/home/sorcerer/Projects/edu-operations-research-practice/.beads/issues.jsonl
time=2026-03-11T12:17:33.915+03:00 level=INFO msg="   Pulling from remote may overwrite local unpushed changes."
time=2026-03-11T12:17:33.915+03:00 level=INFO msg="   Consider running 'bd sync' to commit and push your changes first."
time=2026-03-11T12:17:34.670+03:00 level=INFO msg="Pulled sync branch %s" !BADKEY=main
time=2026-03-11T12:17:34.670+03:00 level=INFO msg="File change detected: %s" !BADKEY=/home/sorcerer/Projects/edu-operations-research-practice/.beads/issues.jsonl
time=2026-03-11T12:17:34.670+03:00 level=INFO msg="Synced JSONL from sync branch to main repo"
time=2026-03-11T12:17:34.673+03:00 level=INFO msg="Imported from JSONL"
time=2026-03-11T12:17:34.674+03:00 level=INFO msg="Auto-import complete"
time=2026-03-11T12:17:35.671+03:00 level=INFO msg="Import triggered by file change"
time=2026-03-11T12:17:35.671+03:00 level=INFO msg="Starting %s..." !BADKEY=auto-import
time=2026-03-11T12:17:35.672+03:00 level=INFO msg="JSONL content changed, proceeding with %s..." !BADKEY=auto-import
time=2026-03-11T12:17:35.673+03:00 level=INFO msg="⚠️  WARNING: Uncommitted local changes detected in %s" !BADKEY=/home/sorcerer/Projects/edu-operations-research-practice/.beads/issues.jsonl
time=2026-03-11T12:17:35.673+03:00 level=INFO msg="   Pulling from remote may overwrite local unpushed changes."
time=2026-03-11T12:17:35.673+03:00 level=INFO msg="   Consider running 'bd sync' to commit and push your changes first."
time=2026-03-11T12:17:36.403+03:00 level=INFO msg="Pulled sync branch %s" !BADKEY=main
time=2026-03-11T12:17:36.403+03:00 level=INFO msg="Synced JSONL from sync branch to main repo"
time=2026-03-11T12:17:36.403+03:00 level=INFO msg="File change detected: %s" !BADKEY=/home/sorcerer/Projects/edu-operations-research-practice/.beads/issues.jsonl
time=2026-03-11T12:17:36.406+03:00 level=INFO msg="Imported from JSONL"
time=2026-03-11T12:17:36.406+03:00 level=INFO msg="Auto-import complete"
time=2026-03-11T12:17:37.405+03:00 level=INFO msg="Import triggered by file change"
time=2026-03-11T12:17:37.405+03:00 level=INFO msg="Starting %s..." !BADKEY=auto-import
time=2026-03-11T12:17:37.405+03:00 level=INFO msg="JSONL content changed, proceeding with %s..." !BADKEY=auto-import
time=2026-03-11T12:17:37.408+03:00 level=INFO msg="⚠️  WARNING: Uncommitted local changes detected in %s" !BADKEY=/home/sorcerer/Projects/edu-operations-research-practice/.beads/issues.jsonl
time=2026-03-11T12:17:37.408+03:00 level=INFO msg="   Pulling from remote may overwrite local unpushed changes."
time=2026-03-11T12:17:37.408+03:00 level=INFO msg="   Consider running 'bd sync' to commit and push your changes first."
time=2026-03-11T12:17:38.125+03:00 level=INFO msg="Pulled sync branch %s" !BADKEY=main
time=2026-03-11T12:17:38.125+03:00 level=INFO msg="File change detected: %s" !BADKEY=/home/sorcerer/Projects/edu-operations-research-practice/.beads/issues.jsonl
time=2026-03-11T12:17:38.125+03:00 level=INFO msg="Synced JSONL from sync branch to main repo"
time=2026-03-11T12:17:38.129+03:00 level=INFO msg="Imported from JSONL"
time=2026-03-11T12:17:38.129+03:00 level=INFO msg="Auto-import complete"
time=2026-03-11T12:17:39.126+03:00 level=INFO msg="Import triggered by file change"
time=2026-03-11T12:17:39.127+03:00 level=INFO msg="Starting %s..." !BADKEY=auto-import
time=2026-03-11T12:17:39.127+03:00 level=INFO msg="JSONL content changed, proceeding with %s..." !BADKEY=auto-import
time=2026-03-11T12:17:39.132+03:00 level=INFO msg="⚠️  WARNING: Uncommitted local changes detected in %s" !BADKEY=/home/sorcerer/Projects/edu-operations-research-practice/.beads/issues.jsonl
time=2026-03-11T12:17:39.132+03:00 level=INFO msg="   Pulling from remote may overwrite local unpushed changes."
time=2026-03-11T12:17:39.132+03:00 level=INFO msg="   Consider running 'bd sync' to commit and push your changes first."
time=2026-03-11T12:17:39.837+03:00 level=INFO msg="Pulled sync branch %s" !BADKEY=main
time=2026-03-11T12:17:39.837+03:00 level=INFO msg="File change detected: %s" !BADKEY=/home/sorcerer/Projects/edu-operations-research-practice/.beads/issues.jsonl
time=2026-03-11T12:17:39.837+03:00 level=INFO msg="Synced JSONL from sync branch to main repo"
time=2026-03-11T12:17:39.840+03:00 level=INFO msg="Imported from JSONL"
time=2026-03-11T12:17:39.840+03:00 level=INFO msg="Auto-import complete"
time=2026-03-11T12:17:40.839+03:00 level=INFO msg="Import triggered by file change"
time=2026-03-11T12:17:40.839+03:00 level=INFO msg="Starting %s..." !BADKEY=auto-import
time=2026-03-11T12:17:40.840+03:00 level=INFO msg="JSONL content changed, proceeding with %s..." !BADKEY=auto-import
time=2026-03-11T12:17:40.844+03:00 level=INFO msg="⚠️  WARNING: Uncommitted local changes detected in %s" !BADKEY=/home/sorcerer/Projects/edu-operations-research-practice/.beads/issues.jsonl
time=2026-03-11T12:17:40.844+03:00 level=INFO msg="   Pulling from remote may overwrite local unpushed changes."
time=2026-03-11T12:17:40.844+03:00 level=INFO msg="   Consider running 'bd sync' to commit and push your changes first."
time=2026-03-11T12:17:41.565+03:00 level=INFO msg="Pulled sync branch %s" !BADKEY=main
time=2026-03-11T12:17:41.565+03:00 level=INFO msg="Synced JSONL from sync branch to main repo"
time=2026-03-11T12:17:41.565+03:00 level=INFO msg="File change detected: %s" !BADKEY=/home/sorcerer/Projects/edu-operations-research-practice/.beads/issues.jsonl
time=2026-03-11T12:17:41.569+03:00 level=INFO msg="Imported from JSONL"
time=2026-03-11T12:17:41.569+03:00 level=INFO msg="Auto-import complete"
time=2026-03-11T12:17:42.567+03:00 level=INFO msg="Import triggered by file change"
time=2026-03-11T12:17:42.567+03:00 level=INFO msg="Starting %s..." !BADKEY=auto-import
time=2026-03-11T12:17:42.567+03:00 level=INFO msg="JSONL content changed, proceeding with %s..." !BADKEY=auto-import
time=2026-03-11T12:17:42.569+03:00 level=INFO msg="⚠️  WARNING: Uncommitted local changes detected in %s" !BADKEY=/home/sorcerer/Projects/edu-operations-research-practice/.beads/issues.jsonl
time=2026-03-11T12:17:42.569+03:00 level=INFO msg="   Pulling from remote may overwrite local unpushed changes."
time=2026-03-11T12:17:42.569+03:00 level=INFO msg="   Consider running 'bd sync' to commit and push your changes first."
time=2026-03-11T12:17:43.359+03:00 level=INFO msg="Pulled sync branch %s" !BADKEY=main
time=2026-03-11T12:17:43.360+03:00 level=INFO msg="Synced JSONL from sync branch to main repo"
time=2026-03-11T12:17:43.360+03:00 level=INFO msg="File change detected: %s" !BADKEY=/home/sorcerer/Projects/edu-operations-research-practice/.beads/issues.jsonl
time=2026-03-11T12:17:43.363+03:00 level=INFO msg="Imported from JSONL"
time=2026-03-11T12:17:43.364+03:00 level=INFO msg="Auto-import complete"
time=2026-03-11T12:17:43.494+03:00 level=INFO msg="Mutation detected: %s %s" create=eorp-7zg
time=2026-03-11T12:17:43.995+03:00 level=INFO msg="Export triggered by mutation events"
time=2026-03-11T12:17:43.995+03:00 level=INFO msg="Starting %s..." !BADKEY=export
time=2026-03-11T12:17:43.995+03:00 level=INFO msg="Pre-export validation failed: %v" !BADKEY="refusing to export: JSONL content has changed since last import (import first to avoid data loss)"
time=2026-03-11T12:17:44.361+03:00 level=INFO msg="Import triggered by file change"
time=2026-03-11T12:17:44.361+03:00 level=INFO msg="Starting %s..." !BADKEY=auto-import
time=2026-03-11T12:17:44.361+03:00 level=INFO msg="JSONL content changed, proceeding with %s..." !BADKEY=auto-import
time=2026-03-11T12:17:44.363+03:00 level=INFO msg="⚠️  WARNING: Uncommitted local changes detected in %s" !BADKEY=/home/sorcerer/Projects/edu-operations-research-practice/.beads/issues.jsonl
time=2026-03-11T12:17:44.363+03:00 level=INFO msg="   Pulling from remote may overwrite local unpushed changes."
time=2026-03-11T12:17:44.363+03:00 level=INFO msg="   Consider running 'bd sync' to commit and push your changes first."
time=2026-03-11T12:17:45.599+03:00 level=INFO msg="Pulled sync branch %s" !BADKEY=main
time=2026-03-11T12:17:45.599+03:00 level=INFO msg="File change detected: %s" !BADKEY=/home/sorcerer/Projects/edu-operations-research-practice/.beads/issues.jsonl
time=2026-03-11T12:17:45.599+03:00 level=INFO msg="Synced JSONL from sync branch to main repo"
time=2026-03-11T12:17:45.605+03:00 level=INFO msg="Imported from JSONL"
time=2026-03-11T12:17:45.607+03:00 level=INFO msg="Auto-import complete"
time=2026-03-11T12:17:46.600+03:00 level=INFO msg="Import triggered by file change"
time=2026-03-11T12:17:46.600+03:00 level=INFO msg="Starting %s..." !BADKEY=auto-import
time=2026-03-11T12:17:46.600+03:00 level=INFO msg="JSONL content changed, proceeding with %s..." !BADKEY=auto-import
time=2026-03-11T12:17:46.602+03:00 level=INFO msg="⚠️  WARNING: Uncommitted local changes detected in %s" !BADKEY=/home/sorcerer/Projects/edu-operations-research-practice/.beads/issues.jsonl
time=2026-03-11T12:17:46.602+03:00 level=INFO msg="   Pulling from remote may overwrite local unpushed changes."
time=2026-03-11T12:17:46.602+03:00 level=INFO msg="   Consider running 'bd sync' to commit and push your changes first."
time=2026-03-11T12:17:47.495+03:00 level=INFO msg="Pulled sync branch %s" !BADKEY=main
time=2026-03-11T12:17:47.496+03:00 level=INFO msg="Synced JSONL from sync branch to main repo"
time=2026-03-11T12:17:47.496+03:00 level=INFO msg="File change detected: %s" !BADKEY=/home/sorcerer/Projects/edu-operations-research-practice/.beads/issues.jsonl
time=2026-03-11T12:17:47.502+03:00 level=INFO msg="Imported from JSONL"
time=2026-03-11T12:17:47.502+03:00 level=INFO msg="Auto-import complete"
time=2026-03-11T12:17:47.967+03:00 level=INFO msg="Mutation detected: %s %s" status=eorp-7zg
time=2026-03-11T12:17:48.469+03:00 level=INFO msg="Export triggered by mutation events"
time=2026-03-11T12:17:48.470+03:00 level=INFO msg="Starting %s..." !BADKEY=export
time=2026-03-11T12:17:48.470+03:00 level=INFO msg="Pre-export validation failed: %v" !BADKEY="refusing to export: JSONL content has changed since last import (import first to avoid data loss)"
time=2026-03-11T12:17:48.497+03:00 level=INFO msg="Import triggered by file change"
time=2026-03-11T12:17:48.498+03:00 level=INFO msg="Starting %s..." !BADKEY=auto-import
time=2026-03-11T12:17:48.498+03:00 level=INFO msg="JSONL content changed, proceeding with %s..." !BADKEY=auto-import
time=2026-03-11T12:17:48.503+03:00 level=INFO msg="⚠️  WARNING: Uncommitted local changes detected in %s" !BADKEY=/home/sorcerer/Projects/edu-operations-research-practice/.beads/issues.jsonl
time=2026-03-11T12:17:48.503+03:00 level=INFO msg="   Pulling from remote may overwrite local unpushed changes."
time=2026-03-11T12:17:48.503+03:00 level=INFO msg="   Consider running 'bd sync' to commit and push your changes first."
time=2026-03-11T12:17:49.557+03:00 level=INFO msg="Pulled sync branch %s" !BADKEY=main
time=2026-03-11T12:17:49.557+03:00 level=INFO msg="Synced JSONL from sync branch to main repo"
time=2026-03-11T12:17:49.557+03:00 level=INFO msg="File change detected: %s" !BADKEY=/home/sorcerer/Projects/edu-operations-research-practice/.beads/issues.jsonl
time=2026-03-11T12:17:49.567+03:00 level=INFO msg="Imported from JSONL"
time=2026-03-11T12:17:49.570+03:00 level=INFO msg="Auto-import complete"
time=2026-03-11T12:17:50.558+03:00 level=INFO msg="Import triggered by file change"
time=2026-03-11T12:17:50.558+03:00 level=INFO msg="Starting %s..." !BADKEY=auto-import
time=2026-03-11T12:17:50.559+03:00 level=INFO msg="JSONL content changed, proceeding with %s..." !BADKEY=auto-import
time=2026-03-11T12:17:50.561+03:00 level=INFO msg="⚠️  WARNING: Uncommitted local changes detected in %s" !BADKEY=/home/sorcerer/Projects/edu-operations-research-practice/.beads/issues.jsonl
time=2026-03-11T12:17:50.561+03:00 level=INFO msg="   Pulling from remote may overwrite local unpushed changes."
time=2026-03-11T12:17:50.561+03:00 level=INFO msg="   Consider running 'bd sync' to commit and push your changes first."
time=2026-03-11T12:17:51.508+03:00 level=INFO msg="Pulled sync branch %s" !BADKEY=main
time=2026-03-11T12:17:51.508+03:00 level=INFO msg="File change detected: %s" !BADKEY=/home/sorcerer/Projects/edu-operations-research-practice/.beads/issues.jsonl
time=2026-03-11T12:17:51.508+03:00 level=INFO msg="Synced JSONL from sync branch to main repo"
time=2026-03-11T12:17:51.512+03:00 level=INFO msg="Imported from JSONL"
time=2026-03-11T12:17:51.513+03:00 level=INFO msg="Auto-import complete"
time=2026-03-11T12:17:52.510+03:00 level=INFO msg="Import triggered by file change"
time=2026-03-11T12:17:52.510+03:00 level=INFO msg="Starting %s..." !BADKEY=auto-import
time=2026-03-11T12:17:52.511+03:00 level=INFO msg="JSONL content changed, proceeding with %s..." !BADKEY=auto-import
time=2026-03-11T12:17:52.513+03:00 level=INFO msg="⚠️  WARNING: Uncommitted local changes detected in %s" !BADKEY=/home/sorcerer/Projects/edu-operations-research-practice/.beads/issues.jsonl
time=2026-03-11T12:17:52.513+03:00 level=INFO msg="   Pulling from remote may overwrite local unpushed changes."
time=2026-03-11T12:17:52.513+03:00 level=INFO msg="   Consider running 'bd sync' to commit and push your changes first."
time=2026-03-11T12:17:53.440+03:00 level=INFO msg="Pulled sync branch %s" !BADKEY=main
time=2026-03-11T12:17:53.441+03:00 level=INFO msg="Synced JSONL from sync branch to main repo"
time=2026-03-11T12:17:53.441+03:00 level=INFO msg="File change detected: %s" !BADKEY=/home/sorcerer/Projects/edu-operations-research-practice/.beads/issues.jsonl
time=2026-03-11T12:17:53.445+03:00 level=INFO msg="Imported from JSONL"
time=2026-03-11T12:17:53.445+03:00 level=INFO msg="Auto-import complete"
time=2026-03-11T12:17:54.434+03:00 level=INFO msg="Git ref change detected: %s" !BADKEY=/home/sorcerer/Projects/edu-operations-research-practice/.git/refs/heads/main.lock
time=2026-03-11T12:17:54.442+03:00 level=INFO msg="Import triggered by file change"
time=2026-03-11T12:17:54.442+03:00 level=INFO msg="Starting %s..." !BADKEY=auto-import
time=2026-03-11T12:17:54.442+03:00 level=INFO msg="JSONL content changed, proceeding with %s..." !BADKEY=auto-import
time=2026-03-11T12:17:55.286+03:00 level=INFO msg="Pulled sync branch %s" !BADKEY=main
time=2026-03-11T12:17:55.287+03:00 level=INFO msg="Synced JSONL from sync branch to main repo"
time=2026-03-11T12:17:55.287+03:00 level=INFO msg="File change detected: %s" !BADKEY=/home/sorcerer/Projects/edu-operations-research-practice/.beads/issues.jsonl
time=2026-03-11T12:17:55.293+03:00 level=INFO msg="Imported from JSONL"
time=2026-03-11T12:17:55.294+03:00 level=INFO msg="Auto-import complete"
time=2026-03-11T12:17:55.436+03:00 level=INFO msg="Import triggered by file change"
time=2026-03-11T12:17:55.436+03:00 level=INFO msg="Starting %s..." !BADKEY=auto-import
time=2026-03-11T12:17:55.437+03:00 level=INFO msg="JSONL content changed, proceeding with %s..." !BADKEY=auto-import
time=2026-03-11T12:17:56.288+03:00 level=INFO msg="Import triggered by file change"
time=2026-03-11T12:17:56.289+03:00 level=INFO msg="Starting %s..." !BADKEY=auto-import
time=2026-03-11T12:17:56.289+03:00 level=INFO msg="JSONL content changed, proceeding with %s..." !BADKEY=auto-import
time=2026-03-11T12:17:56.356+03:00 level=INFO msg="Pulled sync branch %s" !BADKEY=main
time=2026-03-11T12:17:56.356+03:00 level=INFO msg="Synced JSONL from sync branch to main repo"
time=2026-03-11T12:17:56.357+03:00 level=INFO msg="File change detected: %s" !BADKEY=/home/sorcerer/Projects/edu-operations-research-practice/.beads/issues.jsonl
time=2026-03-11T12:17:56.359+03:00 level=INFO msg="Imported from JSONL"
time=2026-03-11T12:17:56.360+03:00 level=INFO msg="Auto-import complete"
time=2026-03-11T12:17:57.171+03:00 level=INFO msg="Pulled sync branch %s" !BADKEY=main
time=2026-03-11T12:17:57.171+03:00 level=INFO msg="File change detected: %s" !BADKEY=/home/sorcerer/Projects/edu-operations-research-practice/.beads/issues.jsonl
time=2026-03-11T12:17:57.171+03:00 level=INFO msg="Synced JSONL from sync branch to main repo"
time=2026-03-11T12:17:57.176+03:00 level=INFO msg="Imported from JSONL"
time=2026-03-11T12:17:57.176+03:00 level=INFO msg="Auto-import complete"
time=2026-03-11T12:17:57.358+03:00 level=INFO msg="Import triggered by file change"
time=2026-03-11T12:17:57.358+03:00 level=INFO msg="Starting %s..." !BADKEY=auto-import
time=2026-03-11T12:17:57.359+03:00 level=INFO msg="JSONL content changed, proceeding with %s..." !BADKEY=auto-import
time=2026-03-11T12:17:58.173+03:00 level=INFO msg="Import triggered by file change"
time=2026-03-11T12:17:58.173+03:00 level=INFO msg="Starting %s..." !BADKEY=auto-import
time=2026-03-11T12:17:58.173+03:00 level=INFO msg="JSONL content changed, proceeding with %s..." !BADKEY=auto-import
time=2026-03-11T12:17:58.253+03:00 level=INFO msg="Pulled sync branch %s" !BADKEY=main
time=2026-03-11T12:17:58.253+03:00 level=INFO msg="Synced JSONL from sync branch to main repo"
time=2026-03-11T12:17:58.253+03:00 level=INFO msg="File change detected: %s" !BADKEY=/home/sorcerer/Projects/edu-operations-research-practice/.beads/issues.jsonl
time=2026-03-11T12:17:58.256+03:00 level=INFO msg="Imported from JSONL"
time=2026-03-11T12:17:58.256+03:00 level=INFO msg="Auto-import complete"
time=2026-03-11T12:17:58.880+03:00 level=INFO msg="Pulled sync branch %s" !BADKEY=main
time=2026-03-11T12:17:58.880+03:00 level=INFO msg="Synced JSONL from sync branch to main repo"
time=2026-03-11T12:17:58.880+03:00 level=INFO msg="File change detected: %s" !BADKEY=/home/sorcerer/Projects/edu-operations-research-practice/.beads/issues.jsonl
time=2026-03-11T12:17:58.883+03:00 level=INFO msg="Imported from JSONL"
time=2026-03-11T12:17:58.884+03:00 level=INFO msg="Auto-import complete"
time=2026-03-11T12:17:59.255+03:00 level=INFO msg="Import triggered by file change"
time=2026-03-11T12:17:59.255+03:00 level=INFO msg="Starting %s..." !BADKEY=auto-import
time=2026-03-11T12:17:59.256+03:00 level=INFO msg="JSONL content changed, proceeding with %s..." !BADKEY=auto-import
time=2026-03-11T12:17:59.882+03:00 level=INFO msg="Import triggered by file change"
time=2026-03-11T12:17:59.882+03:00 level=INFO msg="Starting %s..." !BADKEY=auto-import
time=2026-03-11T12:17:59.882+03:00 level=INFO msg="JSONL content changed, proceeding with %s..." !BADKEY=auto-import
time=2026-03-11T12:18:00.058+03:00 level=INFO msg="Pulled sync branch %s" !BADKEY=main
time=2026-03-11T12:18:00.058+03:00 level=INFO msg="Synced JSONL from sync branch to main repo"
time=2026-03-11T12:18:00.058+03:00 level=INFO msg="File change detected: %s" !BADKEY=/home/sorcerer/Projects/edu-operations-research-practice/.beads/issues.jsonl
time=2026-03-11T12:18:00.061+03:00 level=INFO msg="Imported from JSONL"
time=2026-03-11T12:18:00.062+03:00 level=INFO msg="Auto-import complete"
time=2026-03-11T12:18:00.796+03:00 level=INFO msg="Pulled sync branch %s" !BADKEY=main
time=2026-03-11T12:18:00.796+03:00 level=INFO msg="File change detected: %s" !BADKEY=/home/sorcerer/Projects/edu-operations-research-practice/.beads/issues.jsonl
time=2026-03-11T12:18:00.796+03:00 level=INFO msg="Synced JSONL from sync branch to main repo"
time=2026-03-11T12:18:00.800+03:00 level=INFO msg="Imported from JSONL"
time=2026-03-11T12:18:00.800+03:00 level=INFO msg="Auto-import complete"
time=2026-03-11T12:18:01.188+03:00 level=INFO msg="Import triggered by file change"
time=2026-03-11T12:18:01.188+03:00 level=INFO msg="Starting %s..." !BADKEY=auto-import
time=2026-03-11T12:18:01.189+03:00 level=INFO msg="JSONL content changed, proceeding with %s..." !BADKEY=auto-import
time=2026-03-11T12:18:01.797+03:00 level=INFO msg="Import triggered by file change"
time=2026-03-11T12:18:01.798+03:00 level=INFO msg="Starting %s..." !BADKEY=auto-import
time=2026-03-11T12:18:01.798+03:00 level=INFO msg="JSONL content changed, proceeding with %s..." !BADKEY=auto-import
time=2026-03-11T12:18:02.063+03:00 level=INFO msg="Pulled sync branch %s" !BADKEY=main
time=2026-03-11T12:18:02.063+03:00 level=INFO msg="File change detected: %s" !BADKEY=/home/sorcerer/Projects/edu-operations-research-practice/.beads/issues.jsonl
time=2026-03-11T12:18:02.063+03:00 level=INFO msg="Synced JSONL from sync branch to main repo"
time=2026-03-11T12:18:02.066+03:00 level=INFO msg="Imported from JSONL"
time=2026-03-11T12:18:02.066+03:00 level=INFO msg="Auto-import complete"
time=2026-03-11T12:18:02.593+03:00 level=INFO msg="Pulled sync branch %s" !BADKEY=main
time=2026-03-11T12:18:02.594+03:00 level=INFO msg="Synced JSONL from sync branch to main repo"
time=2026-03-11T12:18:02.594+03:00 level=INFO msg="File change detected: %s" !BADKEY=/home/sorcerer/Projects/edu-operations-research-practice/.beads/issues.jsonl
time=2026-03-11T12:18:02.599+03:00 level=INFO msg="Imported from JSONL"
time=2026-03-11T12:18:02.600+03:00 level=INFO msg="Auto-import complete"
time=2026-03-11T12:18:03.065+03:00 level=INFO msg="Import triggered by file change"
time=2026-03-11T12:18:03.065+03:00 level=INFO msg="Starting %s..." !BADKEY=auto-import
time=2026-03-11T12:18:03.066+03:00 level=INFO msg="JSONL content changed, proceeding with %s..." !BADKEY=auto-import
time=2026-03-11T12:18:03.595+03:00 level=INFO msg="Import triggered by file change"
time=2026-03-11T12:18:03.595+03:00 level=INFO msg="Starting %s..." !BADKEY=auto-import
time=2026-03-11T12:18:03.596+03:00 level=INFO msg="JSONL content changed, proceeding with %s..." !BADKEY=auto-import
time=2026-03-11T12:18:03.952+03:00 level=INFO msg="Pulled sync branch %s" !BADKEY=main
time=2026-03-11T12:18:03.953+03:00 level=INFO msg="Synced JSONL from sync branch to main repo"
time=2026-03-11T12:18:03.953+03:00 level=INFO msg="File change detected: %s" !BADKEY=/home/sorcerer/Projects/edu-operations-research-practice/.beads/issues.jsonl
time=2026-03-11T12:18:03.959+03:00 level=INFO msg="Imported from JSONL"
time=2026-03-11T12:18:03.960+03:00 level=INFO msg="Auto-import complete"
time=2026-03-11T12:18:04.341+03:00 level=INFO msg="Pulled sync branch %s" !BADKEY=main
time=2026-03-11T12:18:04.341+03:00 level=INFO msg="Synced JSONL from sync branch to main repo"
time=2026-03-11T12:18:04.345+03:00 level=INFO msg="Imported from JSONL"
time=2026-03-11T12:18:04.346+03:00 level=INFO msg="Auto-import complete"
time=2026-03-11T12:18:05.343+03:00 level=INFO msg="Import triggered by file change"
time=2026-03-11T12:18:05.343+03:00 level=INFO msg="Starting %s..." !BADKEY=auto-import
time=2026-03-11T12:18:05.344+03:00 level=INFO msg="JSONL content changed, proceeding with %s..." !BADKEY=auto-import
time=2026-03-11T12:18:06.173+03:00 level=INFO msg="Pulled sync branch %s" !BADKEY=main
time=2026-03-11T12:18:06.174+03:00 level=INFO msg="Synced JSONL from sync branch to main repo"
time=2026-03-11T12:18:06.174+03:00 level=INFO msg="File change detected: %s" !BADKEY=/home/sorcerer/Projects/edu-operations-research-practice/.beads/issues.jsonl
time=2026-03-11T12:18:06.183+03:00 level=INFO msg="Imported from JSONL"
time=2026-03-11T12:18:06.184+03:00 level=INFO msg="Auto-import complete"
time=2026-03-11T12:18:06.933+03:00 level=INFO msg="Mutation detected: %s %s" status=eorp-7zg
time=2026-03-11T12:18:07.176+03:00 level=INFO msg="Import triggered by file change"
time=2026-03-11T12:18:07.176+03:00 level=INFO msg="Starting %s..." !BADKEY=auto-import
time=2026-03-11T12:18:07.176+03:00 level=INFO msg="Skipping %s: JSONL content unchanged" !BADKEY=auto-import
time=2026-03-11T12:18:07.433+03:00 level=INFO msg="Export triggered by mutation events"
time=2026-03-11T12:18:07.433+03:00 level=INFO msg="Starting %s..." !BADKEY=export
time=2026-03-11T12:18:07.435+03:00 level=INFO msg="JSONL file created: %s" !BADKEY=/home/sorcerer/Projects/edu-operations-research-practice/.beads/issues.jsonl
time=2026-03-11T12:18:07.436+03:00 level=INFO msg="File change detected: %s" !BADKEY=/home/sorcerer/Projects/edu-operations-research-practice/.beads/issues.jsonl
time=2026-03-11T12:18:07.435+03:00 level=INFO msg="Exported to JSONL"
time=2026-03-11T12:18:07.436+03:00 level=INFO msg="Export complete"
time=2026-03-11T12:18:08.436+03:00 level=INFO msg="Import triggered by file change"
time=2026-03-11T12:18:08.436+03:00 level=INFO msg="Starting %s..." !BADKEY=auto-import
time=2026-03-11T12:18:08.436+03:00 level=INFO msg="JSONL content changed, proceeding with %s..." !BADKEY=auto-import
time=2026-03-11T12:18:08.438+03:00 level=INFO msg="⚠️  WARNING: Uncommitted local changes detected in %s" !BADKEY=/home/sorcerer/Projects/edu-operations-research-practice/.beads/issues.jsonl
time=2026-03-11T12:18:08.438+03:00 level=INFO msg="   Pulling from remote may overwrite local unpushed changes."
time=2026-03-11T12:18:08.438+03:00 level=INFO msg="   Consider running 'bd sync' to commit and push your changes first."
time=2026-03-11T12:18:09.134+03:00 level=INFO msg="Pulled sync branch %s" !BADKEY=main
time=2026-03-11T12:18:09.134+03:00 level=INFO msg="File change detected: %s" !BADKEY=/home/sorcerer/Projects/edu-operations-research-practice/.beads/issues.jsonl
time=2026-03-11T12:18:09.135+03:00 level=INFO msg="Synced JSONL from sync branch to main repo"
time=2026-03-11T12:18:09.151+03:00 level=INFO msg="Imported from JSONL"
time=2026-03-11T12:18:09.155+03:00 level=INFO msg="Auto-import complete"
time=2026-03-11T12:18:10.135+03:00 level=INFO msg="Import triggered by file change"
time=2026-03-11T12:18:10.136+03:00 level=INFO msg="Starting %s..." !BADKEY=auto-import
time=2026-03-11T12:18:10.136+03:00 level=INFO msg="Skipping %s: JSONL content unchanged" !BADKEY=auto-import
time=2026-03-11T12:18:23.435+03:00 level=INFO msg="File change detected: %s" !BADKEY=/home/sorcerer/Projects/edu-operations-research-practice/.beads/issues.jsonl
time=2026-03-11T12:18:23.436+03:00 level=INFO msg="JSONL file created: %s" !BADKEY=/home/sorcerer/Projects/edu-operations-research-practice/.beads/issues.jsonl
time=2026-03-11T12:18:23.616+03:00 level=INFO msg="JSONL file created: %s" !BADKEY=/home/sorcerer/Projects/edu-operations-research-practice/.beads/issues.jsonl
time=2026-03-11T12:18:24.401+03:00 level=INFO msg="Git ref change detected: %s" !BADKEY=/home/sorcerer/Projects/edu-operations-research-practice/.git/refs/heads/main.lock
time=2026-03-11T12:18:24.617+03:00 level=INFO msg="Import triggered by file change"
time=2026-03-11T12:18:24.617+03:00 level=INFO msg="Starting %s..." !BADKEY=auto-import
time=2026-03-11T12:18:24.617+03:00 level=INFO msg="JSONL content changed, proceeding with %s..." !BADKEY=auto-import
time=2026-03-11T12:18:24.619+03:00 level=INFO msg="⚠️  WARNING: Uncommitted local changes detected in %s" !BADKEY=/home/sorcerer/Projects/edu-operations-research-practice/.beads/issues.jsonl
time=2026-03-11T12:18:24.619+03:00 level=INFO msg="   Pulling from remote may overwrite local unpushed changes."
time=2026-03-11T12:18:24.619+03:00 level=INFO msg="   Consider running 'bd sync' to commit and push your changes first."
time=2026-03-11T12:18:25.308+03:00 level=INFO msg="Pulled sync branch %s" !BADKEY=main
time=2026-03-11T12:18:25.309+03:00 level=INFO msg="Synced JSONL from sync branch to main repo"
time=2026-03-11T12:18:25.309+03:00 level=INFO msg="File change detected: %s" !BADKEY=/home/sorcerer/Projects/edu-operations-research-practice/.beads/issues.jsonl
time=2026-03-11T12:18:25.318+03:00 level=INFO msg="Imported from JSONL"
time=2026-03-11T12:18:25.320+03:00 level=INFO msg="Auto-import complete"
time=2026-03-11T12:18:25.402+03:00 level=INFO msg="Import triggered by file change"
time=2026-03-11T12:18:25.403+03:00 level=INFO msg="Starting %s..." !BADKEY=auto-import
time=2026-03-11T12:18:25.403+03:00 level=INFO msg="JSONL content changed, proceeding with %s..." !BADKEY=auto-import
time=2026-03-11T12:18:25.407+03:00 level=INFO msg="⚠️  WARNING: Uncommitted local changes detected in %s" !BADKEY=/home/sorcerer/Projects/edu-operations-research-practice/.beads/issues.jsonl
time=2026-03-11T12:18:25.407+03:00 level=INFO msg="   Pulling from remote may overwrite local unpushed changes."
time=2026-03-11T12:18:25.408+03:00 level=INFO msg="   Consider running 'bd sync' to commit and push your changes first."
time=2026-03-11T12:18:26.182+03:00 level=INFO msg="Pulled sync branch %s" !BADKEY=main
time=2026-03-11T12:18:26.182+03:00 level=INFO msg="File change detected: %s" !BADKEY=/home/sorcerer/Projects/edu-operations-research-practice/.beads/issues.jsonl
time=2026-03-11T12:18:26.182+03:00 level=INFO msg="Synced JSONL from sync branch to main repo"
time=2026-03-11T12:18:26.185+03:00 level=INFO msg="Imported from JSONL"
time=2026-03-11T12:18:26.186+03:00 level=INFO msg="Auto-import complete"
time=2026-03-11T12:18:26.309+03:00 level=INFO msg="Import triggered by file change"
time=2026-03-11T12:18:26.309+03:00 level=INFO msg="Starting %s..." !BADKEY=auto-import
time=2026-03-11T12:18:26.310+03:00 level=INFO msg="JSONL content changed, proceeding with %s..." !BADKEY=auto-import
time=2026-03-11T12:18:26.313+03:00 level=INFO msg="⚠️  WARNING: Uncommitted local changes detected in %s" !BADKEY=/home/sorcerer/Projects/edu-operations-research-practice/.beads/issues.jsonl
time=2026-03-11T12:18:26.313+03:00 level=INFO msg="   Pulling from remote may overwrite local unpushed changes."
time=2026-03-11T12:18:26.313+03:00 level=INFO msg="   Consider running 'bd sync' to commit and push your changes first."
time=2026-03-11T12:18:27.054+03:00 level=INFO msg="Sync branch pull failed: %v (backoff: %v)" !BADKEY="git pull failed in worktree: exit status 1\nFrom https://github.com/remote-worker-prof/edu-operations-research-practice\n * branch            main       -> FETCH_HEAD\nerror: cannot lock ref 'refs/remotes/origin/main': is at 74763e2877c42bdc505463ee6f15044fe32660c0 but expected e85c364ea5167152d5887a7acd6e2b2e5a492737\n ! e85c364..74763e2  main       -> origin/main  (unable to update local ref)\n" !BADKEY=30s
time=2026-03-11T12:18:27.184+03:00 level=INFO msg="Import triggered by file change"
time=2026-03-11T12:18:27.185+03:00 level=INFO msg="Skipping %s: in backoff period" !BADKEY=auto-import
time=2026-03-11T12:34:22.102+03:00 level=INFO msg="Mutation detected: %s %s" create=eorp-v8n
time=2026-03-11T12:34:22.603+03:00 level=INFO msg="Export triggered by mutation events"
time=2026-03-11T12:34:22.603+03:00 level=INFO msg="Starting %s..." !BADKEY=export
time=2026-03-11T12:34:22.612+03:00 level=INFO msg="JSONL file created: %s" !BADKEY=/home/sorcerer/Projects/edu-operations-research-practice/.beads/issues.jsonl
time=2026-03-11T12:34:22.612+03:00 level=INFO msg="Exported to JSONL"
time=2026-03-11T12:34:22.612+03:00 level=INFO msg="File change detected: %s" !BADKEY=/home/sorcerer/Projects/edu-operations-research-practice/.beads/issues.jsonl
time=2026-03-11T12:34:22.612+03:00 level=INFO msg="Export complete"
time=2026-03-11T12:34:23.613+03:00 level=INFO msg="Import triggered by file change"
time=2026-03-11T12:34:23.613+03:00 level=INFO msg="Starting %s..." !BADKEY=auto-import
time=2026-03-11T12:34:23.614+03:00 level=INFO msg="JSONL content changed, proceeding with %s..." !BADKEY=auto-import
time=2026-03-11T12:34:23.615+03:00 level=INFO msg="⚠️  WARNING: Uncommitted local changes detected in %s" !BADKEY=/home/sorcerer/Projects/edu-operations-research-practice/.beads/issues.jsonl
time=2026-03-11T12:34:23.616+03:00 level=INFO msg="   Pulling from remote may overwrite local unpushed changes."
time=2026-03-11T12:34:23.616+03:00 level=INFO msg="   Consider running 'bd sync' to commit and push your changes first."
time=2026-03-11T12:34:24.502+03:00 level=INFO msg="Pulled sync branch %s" !BADKEY=main
time=2026-03-11T12:34:24.502+03:00 level=INFO msg="File change detected: %s" !BADKEY=/home/sorcerer/Projects/edu-operations-research-practice/.beads/issues.jsonl
time=2026-03-11T12:34:24.502+03:00 level=INFO msg="Synced JSONL from sync branch to main repo"
time=2026-03-11T12:34:24.505+03:00 level=INFO msg="Imported from JSONL"
time=2026-03-11T12:34:24.506+03:00 level=INFO msg="Auto-import complete"
time=2026-03-11T12:34:25.503+03:00 level=INFO msg="Import triggered by file change"
time=2026-03-11T12:34:25.503+03:00 level=INFO msg="Starting %s..." !BADKEY=auto-import
time=2026-03-11T12:34:25.503+03:00 level=INFO msg="Skipping %s: JSONL content unchanged" !BADKEY=auto-import
time=2026-03-11T12:34:34.618+03:00 level=INFO msg="Mutation detected: %s %s" status=eorp-v8n
time=2026-03-11T12:34:35.258+03:00 level=INFO msg="Export triggered by mutation events"
time=2026-03-11T12:34:35.258+03:00 level=INFO msg="Starting %s..." !BADKEY=export
time=2026-03-11T12:34:35.261+03:00 level=INFO msg="JSONL file created: %s" !BADKEY=/home/sorcerer/Projects/edu-operations-research-practice/.beads/issues.jsonl
time=2026-03-11T12:34:35.261+03:00 level=INFO msg="File change detected: %s" !BADKEY=/home/sorcerer/Projects/edu-operations-research-practice/.beads/issues.jsonl
time=2026-03-11T12:34:35.261+03:00 level=INFO msg="Exported to JSONL"
time=2026-03-11T12:34:35.261+03:00 level=INFO msg="Export complete"
time=2026-03-11T12:34:36.262+03:00 level=INFO msg="Import triggered by file change"
time=2026-03-11T12:34:36.262+03:00 level=INFO msg="Starting %s..." !BADKEY=auto-import
time=2026-03-11T12:34:36.262+03:00 level=INFO msg="JSONL content changed, proceeding with %s..." !BADKEY=auto-import
time=2026-03-11T12:34:36.264+03:00 level=INFO msg="⚠️  WARNING: Uncommitted local changes detected in %s" !BADKEY=/home/sorcerer/Projects/edu-operations-research-practice/.beads/issues.jsonl
time=2026-03-11T12:34:36.264+03:00 level=INFO msg="   Pulling from remote may overwrite local unpushed changes."
time=2026-03-11T12:34:36.264+03:00 level=INFO msg="   Consider running 'bd sync' to commit and push your changes first."
time=2026-03-11T12:34:37.865+03:00 level=INFO msg="Pulled sync branch %s" !BADKEY=main
time=2026-03-11T12:34:37.865+03:00 level=INFO msg="Synced JSONL from sync branch to main repo"
time=2026-03-11T12:34:37.865+03:00 level=INFO msg="File change detected: %s" !BADKEY=/home/sorcerer/Projects/edu-operations-research-practice/.beads/issues.jsonl
time=2026-03-11T12:34:37.872+03:00 level=INFO msg="Imported from JSONL"
time=2026-03-11T12:34:37.874+03:00 level=INFO msg="Auto-import complete"
time=2026-03-11T12:34:38.867+03:00 level=INFO msg="Import triggered by file change"
time=2026-03-11T12:34:38.868+03:00 level=INFO msg="Starting %s..." !BADKEY=auto-import
time=2026-03-11T12:34:38.868+03:00 level=INFO msg="Skipping %s: JSONL content unchanged" !BADKEY=auto-import
time=2026-03-11T12:34:41.403+03:00 level=INFO msg="Git ref change detected: %s" !BADKEY=/home/sorcerer/Projects/edu-operations-research-practice/.git/refs/heads/main.lock
time=2026-03-11T12:34:42.404+03:00 level=INFO msg="Import triggered by file change"
time=2026-03-11T12:34:42.404+03:00 level=INFO msg="Starting %s..." !BADKEY=auto-import
time=2026-03-11T12:34:42.404+03:00 level=INFO msg="Skipping %s: JSONL content unchanged" !BADKEY=auto-import
time=2026-03-11T12:38:17.723+03:00 level=INFO msg="Received signal %v, shutting down..." !BADKEY=terminated
